,Alcohol,Alzheimers & Dementia,Anemia,Asthma,Birth Trauma,Bladder Cancer,Breast Cancer,Cervical Cancer,Colon-Rectum Cancers,Congenital Anomalies,Coronary Heart Disease,Diabetes Mellitus,Diarrhoeal diseases,Drownings,Drug Use,Endocrine Disorders,Falls,Fires,Hepatitis C,HIV/AIDS,Hypertension,Inflammatory/Heart,Kidney Disease,Leukemia,Liver Cancer,Liver Disease,Low Birth Weight,Lung Cancers,Lung Disease,Malaria,Malnutrition,Multiple Sclerosis,Oesophagus Cancer,Oral Cancer,Ovary Cancer,Pancreas Cancer,Peptic Ulcer Disease,Poisonings,Prostate Cancer,Rheumatic Heart Disease,Road Traffic Accidents,Skin Cancers,Skin Disease,Stomach Cancer,Stroke,Suicide,Tuberculosis,Uterin Cancer,Labor Force ,Electricity Production ,Petroleum Consumption ,Total Fertility Rates ,Young Population ,Natural Gas Consumption ,Infant Mortality Rates ,Natural Gas Production ,Taxes ,Maternal Mortality Rates ,Gross Domestic Product (GDP) ,Imports ,Older Population ,Carbon Dioxide Emissions ,Obesity ,Nuclear Electricity ,Electricity by Renewable Sources ,Natural Gas Imports ,Population ,Median Age ,Unimproved Drinking Water Sources ,Crude Oil Exports ,Hydro Electricity ,Electricity Consumption ,Inflation Rates ,External Debts ,Crude Oil Imports ,Birth Rates ,Deaths per Day,Life Expectancy,Emerging Countries,Global North Countries,Global South Countries,Medical Bankruptcies by Country,Richest Countries in the World,Social Mobility by Country,Countries by IQ - Average IQ by Country,Diabetes Rates by Country,Health Care Costs by Country,Lactose Intolerance by Country,Obesity Rates by Country,Zika Virus Countries
Belarus,119.03,0.0,0.72,0.4,1.7,676.27,2.21,17.05,2.85,282.35,2.2,0.1,4.91,3.17,1.05,6.97,4.48,0.01,1.6,2.07,10.19,676.27,3.67,2.31,14.66,0.98,18.53,12.05,0.0,0.17,0.32,3.2,6.03,8.33,7.23,676.27,2.52,5.4,1.59,6.48,1.81,0.19,10.43,88.08,16.49,2.52,2.37,2.29,4381000.0,31580.0,141000.0,1.51,16.1,17700000.0,3.31,59460.0,44.1,2.0,161175.0,31580.0,15.9,56070000.0,24.5,0.0,3.0,17530000.0,9380000.0,40.9,0.3,31730.0,1.0,31720.0,6.0,34750.0,468400.0,9.32,324.0,75.058,9432800.0,Yes,No,9432800.0,61310000000.0,9432800.0,101.6,0.06,9432800.0,9432800.0,0.245,No mosquitoes that spread Zika
Mongolia,194.38,0.0,6.03,2.96,1.04,1062.04,6.3,4.43,5.74,283.82,6.16,1.66,4.7,1.15,2.38,8.37,3.0,0.02,0.61,10.49,10.76,1062.04,1.01,84.53,75.19,3.69,20.59,18.16,0.0,0.01,0.11,19.85,2.94,14.07,4.27,1062.04,2.94,1.11,5.55,21.5,0.81,0.71,28.56,216.3,18.02,10.58,0.32,6.07,1241000.0,5339.0,27000.0,1.93,27.0,0.0,20.6,0.0,25.7,45.0,43540.0,5875.0,4.8,19860000.0,20.6,0.0,11.0,0.0,3225000.0,29.8,35.6,14360.0,2.0,5932.0,4.6,18670.0,0.0,16.32,59.0,70.334,3378078.0,No,Yes,3378078.0,13310000000.0,3378078.0,91.03,0.07,3378078.0,3378078.0,0.20600000000000002,No mosquitoes that spread Zika
Russia,129.19,0.0,0.72,0.56,2.41,727.47,3.64,16.55,3.54,204.5,7.12,0.22,4.19,5.4,1.08,5.79,3.25,0.0,12.88,6.77,26.37,727.47,3.74,4.52,22.5,1.62,22.2,13.54,0.0,0.11,0.44,3.07,4.78,12.19,8.15,727.47,3.11,5.27,1.19,11.23,2.35,1.23,11.8,117.23,21.6,4.61,2.74,7.0,76530000.0,1031000.0,3650000.0,1.6,17.2,467500000.0,6.51,665600000.0,14.7,17.0,3596444.0,238000.0,15.5,1847000000.0,23.1,11.0,1.0,15770000.0,144367000.0,40.3,3.1,4921000.0,21.0,909600.0,3.7,514800.0,76220.0,9.71,5174.0,72.842,145805947.0,Yes,No,145805947.0,1480000000000.0,145805947.0,96.29,0.06,145805947.0,145805947.0,0.231,With mosquitoes but no reported Zika cases
Guatemala,82.54,0.0,2.78,4.47,0.52,732.92,7.09,4.1,5.53,85.26,63.24,18.72,2.75,1.89,3.67,10.84,1.36,0.02,9.24,5.92,1.73,732.92,4.02,16.25,48.7,5.13,3.51,16.5,0.0,14.81,0.17,1.31,1.29,15.26,2.59,732.92,1.66,7.46,0.51,26.54,1.71,1.94,14.12,42.01,6.23,2.31,0.25,27.04,6664000.0,12120.0,89000.0,2.67,33.7,0.0,26.81,0.0,10.8,95.0,138100.0,17110.0,4.7,17150000.0,21.2,0.0,28.0,0.0,16858000.0,23.2,7.2,9383.0,31.0,10100.0,4.4,19090.0,0.0,22.79,237.0,74.828,18584039.0,No,Yes,18584039.0,77600000000.0,18584039.0,47.72,0.13,18584039.0,18584039.0,0.212,Current or past transmission but no Zika outbreak
Slovenia,134.52,0.01,0.23,0.1,3.74,386.06,1.54,14.88,2.29,57.54,6.04,0.06,0.5,1.11,2.27,11.07,0.17,0.0,0.0,11.84,5.17,386.06,4.44,6.04,10.9,1.33,27.44,10.97,0.0,0.0,0.9,2.14,3.62,4.82,8.68,386.06,0.1,8.33,2.49,4.41,3.86,0.08,7.15,31.51,13.97,0.28,2.09,0.72,959000.0,15460.0,52140.0,1.59,14.8,906100.0,1.53,8000.0,43.8,7.0,67903.0,30380.0,21.2,14370000.0,20.2,20.0,9.0,906100.0,2100000.0,44.9,0.5,0.0,34.0,13400.0,1.4,51650.0,0.0,8.5,59.0,81.696,2078034.0,Yes,No,2078034.0,53550000000.0,2078034.0,98.6,0.06,2078034.0,2078034.0,0.20199999999999999,No mosquitoes that spread Zika
El Salvador,68.73,1.92,1.72,1.36,0.61,606.56,7.19,4.87,5.99,82.54,20.97,2.88,2.09,1.15,3.34,3.52,0.33,0.0,14.6,2.11,1.19,606.56,4.8,5.51,12.89,3.59,4.43,20.12,0.0,2.96,0.11,1.22,1.42,1.47,2.49,606.56,0.24,4.56,0.09,21.36,0.88,1.72,10.79,22.58,6.11,0.9,0.64,86.75,2774000.0,5830.0,52000.0,2.07,25.8,0.0,12.38,0.0,20.5,46.0,51170.0,9499.0,7.6,7331000.0,24.6,0.0,29.0,0.0,6766000.0,27.7,6.2,0.0,23.0,5928.0,1.0,14900.0,0.0,18.22,128.0,73.846,6550389.0,No,Yes,6550389.0,24640000000.0,6550389.0,69.63,0.06,6550389.0,6550389.0,0.24600000000000002,Current or past transmission but no Zika outbreak
Ukraine,127.96,0.0,0.29,0.84,2.92,742.34,3.87,16.78,4.71,305.47,3.0,0.65,4.69,2.2,0.71,4.72,2.68,0.02,11.51,1.12,18.55,742.34,3.88,2.91,25.12,2.92,19.75,11.01,0.0,0.12,0.6,2.77,6.55,7.69,7.52,742.34,1.98,5.6,1.18,9.34,2.7,0.45,10.5,89.52,17.73,6.92,3.05,5.38,17990000.0,153600.0,233000.0,1.56,16.2,30920000.0,7.44,19730000.0,31.9,19.0,914290.0,49060.0,17.0,238900000.0,24.1,23.0,3.0,12970000.0,44142000.0,41.2,3.8,413.0,8.0,133200.0,14.4,127700.0,4720.0,9.23,1801.0,72.364,43192122.0,Yes,No,43192122.0,155300000000.0,43192122.0,90.07,0.06,43192122.0,43192122.0,0.24100000000000002,No mosquitoes that spread Zika
Poland,147.81,0.01,0.67,0.19,5.63,502.9,2.83,18.53,3.4,125.44,10.67,0.89,1.39,0.69,1.38,5.99,0.85,0.32,0.27,5.31,5.12,502.9,4.63,3.1,14.35,2.08,34.89,15.56,0.0,0.35,0.82,2.61,5.03,4.61,7.25,502.9,0.46,7.43,0.71,8.18,2.72,0.59,7.91,37.09,9.3,1.0,2.66,0.66,17600000.0,156900.0,649600.0,1.39,14.8,20100000.0,4.22,5748000.0,15.7,2.0,1189207.0,223800.0,18.7,359000000.0,23.1,0.0,19.0,15720000.0,38354000.0,41.9,1.7,4451.0,2.0,149400.0,2.0,344800.0,493100.0,8.69,1089.0,79.108,37739785.0,Yes,No,37739785.0,596630000000.0,37739785.0,96.35,0.07,37739785.0,37739785.0,0.231,No mosquitoes that spread Zika
Latvia,144.34,0.22,0.88,0.6,4.46,640.18,3.93,15.41,2.45,146.65,10.89,0.26,5.64,1.72,1.76,4.77,3.48,1.99,3.65,19.91,30.32,640.18,4.38,3.97,13.03,0.57,23.52,7.5,0.0,0.07,0.68,3.5,6.18,11.98,10.04,640.18,0.96,8.91,0.97,7.17,3.11,1.48,11.16,99.14,16.06,2.34,3.11,4.15,990000.0,6241.0,44600.0,1.54,15.3,1218000.0,4.93,0.0,34.9,19.0,56651.0,15790.0,20.5,8632000.0,23.6,0.0,8.0,1246000.0,1901000.0,44.4,0.7,0.0,53.0,6798.0,2.9,40020.0,0.0,8.96,76.0,75.594,1848837.0,Yes,No,1848837.0,33619999999.999996,1848837.0,94.79,0.06,1848837.0,1848837.0,0.23600000000000002,No mosquitoes that spread Zika
Estonia,130.48,0.2,0.77,0.54,3.45,479.58,2.78,16.5,1.98,80.39,5.04,0.3,1.67,5.73,2.51,4.63,2.17,0.23,2.77,66.42,8.86,479.58,3.75,3.91,17.29,0.76,23.24,6.59,0.0,0.0,0.74,3.85,4.43,6.52,8.77,479.58,0.47,8.53,0.75,3.7,2.51,0.83,10.12,31.23,11.96,0.62,1.99,1.84,670200.0,11550.0,28300.0,1.61,16.2,481400.0,3.47,0.0,40.7,9.0,48439.0,14420.0,21.0,5306000.0,21.2,0.0,28.0,481400.0,1329000.0,43.7,0.4,0.0,0.0,8795.0,3.7,19050.0,0.0,9.03,43.0,79.036,1321910.0,Yes,No,1321910.0,30630000000.0,1321910.0,100.72,0.07,1321910.0,1321910.0,0.212,No mosquitoes that spread Zika
Paraguay,94.72,1.43,2.17,1.95,1.0,573.23,8.87,9.58,7.21,76.66,41.85,2.78,2.55,0.57,9.48,1.62,0.98,0.05,7.0,15.87,2.6,573.23,4.42,2.68,9.16,5.8,13.04,20.96,0.0,5.61,0.14,3.08,2.34,13.54,4.58,573.23,0.2,9.73,0.73,22.6,2.19,2.45,6.25,53.27,6.16,4.51,0.8,7.96,3428000.0,63130.0,43000.0,1.89,23.4,0.0,23.83,0.0,19.1,84.0,88910.0,11350.0,7.9,7740000.0,20.3,0.0,1.0,0.0,7253000.0,29.7,2.0,0.0,99.0,10900.0,3.6,15420.0,0.0,16.43,113.0,74.488,7305843.0,No,Yes,7305843.0,35430000000.0,7305843.0,84.04,0.08,7305843.0,7305843.0,0.203,Current or past transmission but no Zika outbreak
Kazakhstan,116.98,0.0,6.41,1.62,1.9,710.14,4.25,11.61,4.11,181.63,12.42,1.25,3.71,3.7,1.63,3.84,1.91,0.01,1.79,10.39,20.8,710.14,3.26,5.46,29.46,2.69,20.51,42.36,0.0,0.46,0.27,7.03,3.57,7.79,5.97,710.14,1.92,2.98,1.55,12.85,1.57,0.17,14.16,124.19,18.05,1.56,1.97,5.2,8970000.0,100800.0,274000.0,2.13,26.1,15370000.0,19.59,22410000.0,18.2,10.0,465792.0,31850.0,8.4,304600000.0,21.0,0.0,1.0,5748000.0,18755000.0,31.6,7.1,1409000.0,14.0,94230.0,7.4,147700.0,1480.0,15.87,381.0,73.756,19205043.0,Yes,No,19205043.0,171080000000.0,19205043.0,88.89,0.07,19205043.0,19205043.0,0.21,No mosquitoes that spread Zika
Denmark,125.54,0.42,0.59,0.44,3.85,387.36,1.41,15.72,2.33,36.0,9.05,0.88,0.46,3.09,4.43,3.55,0.53,0.1,0.24,3.86,2.39,387.36,4.1,3.71,6.98,2.39,28.82,29.3,0.0,0.1,1.19,3.89,3.19,2.56,8.44,387.36,0.08,9.54,0.58,3.0,3.04,0.51,3.96,23.6,7.63,0.17,1.15,1.08,2998000.0,29840.0,158500.0,1.77,16.4,3115000.0,3.09,4842000.0,51.8,4.0,283940.0,94930.0,19.9,37450000.0,19.7,0.0,54.0,509700.0,5825000.0,42.0,0.0,82980.0,0.0,33020.0,1.1,484800.0,98240.0,11.17,159.0,81.256,5834950.0,Yes,No,5834950.0,356080000000.0,5834950.0,97.83,0.05,5834950.0,5834950.0,0.19699999999999998,No mosquitoes that spread Zika
Kyrgyzstan,95.98,0.0,1.09,4.14,1.39,668.14,6.19,6.28,6.37,246.37,5.81,1.18,3.53,2.46,0.88,2.54,1.15,0.01,3.29,10.63,6.27,668.14,2.47,9.07,34.05,7.94,13.51,30.33,0.0,0.1,0.09,3.69,2.62,4.64,4.72,668.14,1.11,2.05,2.57,13.82,1.41,0.33,17.6,92.52,8.28,6.41,1.32,5.02,2841000.0,13040.0,37000.0,2.52,30.4,186900.0,26.26,28320.0,35.2,60.0,25274.0,4187.0,5.8,10020000.0,16.6,0.0,0.0,169900.0,6524000.0,27.3,10.0,0.0,76.0,10520.0,3.2,7728.0,4480.0,20.06,107.0,71.796,6728271.0,Yes,No,6728271.0,7790000000.0,6728271.0,79.09,0.07,6728271.0,6728271.0,0.166,No mosquitoes that spread Zika
Lithuania,141.51,0.07,0.54,0.56,3.83,606.88,4.63,15.34,3.22,174.7,7.84,0.69,4.54,4.14,1.52,7.78,1.08,0.65,0.74,15.85,10.79,606.88,4.6,4.1,16.33,0.49,22.61,6.95,0.0,0.13,0.62,4.22,7.08,9.55,9.39,606.88,1.15,7.81,0.41,7.24,3.09,0.78,10.82,65.24,20.16,2.75,2.48,4.26,1467000.0,3131.0,58000.0,1.61,15.3,2492000.0,3.66,0.0,34.3,5.0,96258.0,31560.0,20.5,13490000.0,26.3,0.0,23.0,2492000.0,2794000.0,44.5,3.4,1002.0,4.0,10500.0,3.7,34480.0,182900.0,9.42,105.0,76.258,2661708.0,Yes,No,2661708.0,56500000000.0,2661708.0,95.89,0.06,2661708.0,2661708.0,0.263,No mosquitoes that spread Zika
Nicaragua,84.4,0.57,2.14,1.9,0.61,641.98,7.49,6.63,6.84,124.46,44.63,2.06,2.57,0.86,3.03,5.61,0.3,0.02,2.39,23.51,2.78,641.98,3.91,10.93,24.52,4.7,5.94,33.61,0.0,2.89,0.15,0.9,1.33,6.63,3.88,641.98,0.3,8.52,0.38,18.75,1.27,3.39,10.11,47.78,4.66,2.2,0.85,9.5,3046000.0,4454.0,37000.0,1.81,25.6,0.0,19.57,0.0,25.7,198.0,36400.0,6613.0,5.8,5405000.0,23.7,0.0,35.0,0.0,6596000.0,27.3,13.0,0.0,9.0,3590.0,3.9,11100.0,16180.0,16.71,95.0,75.014,6779100.0,No,Yes,6779100.0,12620000000.0,6779100.0,52.69,0.09,6779100.0,6779100.0,0.237,Current or past transmission but no Zika outbreak
Finland,95.0,0.03,0.48,0.21,1.97,373.41,0.62,10.24,3.26,58.6,3.51,0.12,1.2,4.52,2.38,8.17,0.69,0.05,0.08,11.23,4.58,373.41,2.76,4.01,11.51,0.74,17.24,8.59,0.0,0.06,0.72,2.5,1.72,4.29,9.12,373.41,0.26,5.93,0.11,3.09,2.23,0.17,3.37,24.54,13.43,0.17,1.57,1.06,2473000.0,66540.0,217100.0,1.74,16.4,2350000.0,2.15,0.0,53.4,3.0,228788.0,65260.0,22.3,46010000.0,22.2,17.0,23.0,2322000.0,5529000.0,42.8,0.0,0.0,20.0,82790.0,0.8,544700.0,236700.0,10.49,152.0,82.312,5554960.0,Yes,No,5554960.0,271620000000.0,5554960.0,101.2,0.06,5554960.0,5554960.0,0.222,No mosquitoes that spread Zika
Haiti,125.01,0.0,13.03,9.79,1.4,1136.06,7.46,9.45,12.01,185.49,68.22,24.56,10.84,1.33,9.87,7.18,4.38,0.08,28.3,37.02,11.57,1136.06,3.59,8.8,30.97,11.35,6.8,33.26,0.34,6.67,0.33,2.13,3.61,14.98,3.81,1136.06,1.33,20.65,9.11,19.91,0.77,5.76,11.92,162.74,11.17,9.18,0.59,20.02,4594000.0,1023.0,21000.0,2.48,31.2,0.0,41.29,0.0,18.9,480.0,19970.0,3618.0,4.3,3595000.0,22.7,0.0,0.0,0.0,11068000.0,24.1,42.3,0.0,18.0,406.0,14.7,2022.0,0.0,21.4,265.0,64.696,11680283.0,No,Yes,11680283.0,14510000000.0,11680283.0,82.1,0.09,11680283.0,11680283.0,0.22699999999999998,Current or past transmission but no Zika outbreak
Grenada,155.25,4.21,2.16,9.3,2.51,750.62,7.69,14.92,4.91,114.4,65.21,1.23,3.3,1.06,21.28,3.45,1.52,0.0,2.85,19.49,3.38,750.62,3.21,5.2,8.19,4.91,11.06,11.06,0.0,2.72,0.0,4.53,5.23,16.62,8.43,750.62,0.07,34.71,1.57,7.76,0.42,12.6,6.21,73.84,0.64,0.79,9.2,6.38,55270.0,202.0,2000.0,1.95,23.2,0.0,9.6,0.0,26.7,25.0,1634.0,316.0,10.9,283600.0,21.3,0.0,4.0,0.0,107700.0,33.3,3.4,0.0,0.0,185.0,0.9,679.0,0.0,14.27,3.0,72.55,113475.0,No,Yes,113475.0,1040000000.0,113475.0,79.34,0.13,113475.0,113475.0,0.213,Current or past transmission but no Zika outbreak
Bahamas,105.99,0.0,2.16,1.47,0.62,697.17,4.86,11.03,4.13,89.11,40.27,1.45,6.38,0.62,16.0,4.97,2.66,0.01,32.2,53.15,11.79,697.17,2.45,3.07,16.2,3.7,7.39,9.23,0.0,1.19,0.35,2.12,0.83,16.64,2.66,697.17,0.16,18.93,1.06,7.42,0.23,7.42,4.71,60.37,3.37,0.08,3.53,36.36,196900.0,1778.0,20040.0,1.98,22.0,48.0,13.05,0.0,21.0,70.0,12060.0,3180.0,8.7,3089000.0,31.6,0.0,0.0,48.0,389400.0,32.8,1.6,0.0,0.0,1654.0,1.4,17560.0,0.0,14.78,8.0,74.17,400516.0,No,Yes,400516.0,9910000000.0,400516.0,86.99,0.09,400516.0,400516.0,0.316,Current or past transmission but no Zika outbreak
Lesotho,98.23,0.0,45.32,13.7,0.7,2146.11,26.25,2.77,11.28,155.85,147.55,142.1,9.67,1.67,14.08,8.24,14.67,0.16,254.7,74.75,21.17,2146.11,2.43,4.78,51.33,18.96,3.87,83.85,0.0,17.17,0.38,5.57,3.76,28.67,0.9,2146.11,5.26,6.79,7.68,36.62,3.61,5.11,0.76,211.66,87.48,68.85,1.84,43.38,930800.0,510.0,5000.0,2.95,31.3,0.0,50.23,0.0,46.3,544.0,5623.0,1826.0,5.6,711100.0,16.6,0.0,1.0,0.0,2065000.0,24.7,18.2,0.0,100.0,847.0,5.3,948.8,0.0,23.3,81.0,55.222,2175699.0,No,Yes,2175699.0,2060000000.0,2175699.0,68.87,0.05,2175699.0,2175699.0,0.166,No mosquitoes that spread Zika
Honduras,92.66,0.0,5.38,2.01,1.39,807.1,7.28,5.47,5.87,129.2,17.54,12.93,2.28,1.88,4.73,4.25,0.56,0.05,10.97,13.62,5.73,807.1,5.95,5.92,42.99,4.71,5.99,48.99,0.0,2.73,0.15,1.38,1.51,11.53,5.42,807.1,0.61,6.23,0.75,21.07,1.09,2.62,10.44,91.09,2.58,6.16,0.37,80.96,3735000.0,8501.0,59000.0,2.05,30.2,0.0,15.39,0.0,19.0,65.0,46300.0,11320.0,5.4,9436000.0,21.4,0.0,34.0,0.0,9304000.0,24.4,8.8,0.0,25.0,7220.0,3.9,8042.0,0.0,18.19,125.0,75.694,10221247.0,No,Yes,10221247.0,23830000000.0,10221247.0,62.16,0.05,10221247.0,10221247.0,0.214,Current or past transmission but no Zika outbreak
Moldova,119.48,0.01,0.44,1.22,3.05,729.41,3.94,17.43,6.58,245.76,6.88,0.1,4.16,1.13,0.85,2.72,1.36,0.03,3.9,39.16,8.61,729.41,2.6,8.77,50.57,2.98,18.69,12.92,0.0,0.02,0.18,1.74,6.32,14.89,7.24,729.41,4.53,4.98,1.15,6.6,2.1,0.8,8.84,100.83,12.17,3.79,1.8,3.5,1295000.0,5490.0,18000.0,1.58,18.3,2520000.0,11.83,11330.0,34.5,19.0,25912.0,4427.0,14.0,7653000.0,18.9,0.0,2.0,2520000.0,3083000.0,37.7,11.6,0.0,12.0,4400.0,6.6,6362.0,20.0,10.45,131.0,72.176,4013171.0,Yes,No,4013171.0,11530000000.0,4013171.0,89.98,0.06,4013171.0,4013171.0,0.18899999999999997,No mosquitoes that spread Zika
Saint Lucia,100.98,0.0,4.32,1.76,0.0,644.23,5.46,9.43,5.16,60.16,59.14,1.89,4.88,0.92,9.99,4.11,1.51,0.0,0.0,21.09,13.71,644.23,1.85,1.64,15.59,11.0,8.35,21.32,0.0,3.01,0.21,1.5,1.36,6.74,3.34,644.23,0.13,22.51,1.8,27.06,0.0,6.62,9.38,76.66,6.85,1.24,0.97,18.65,79700.0,369.0,3100.0,1.73,19.2,0.0,12.23,0.0,12.9,117.0,2542.0,600.0,13.1,437900.0,19.7,0.0,1.0,0.0,181200.0,36.9,3.7,0.0,0.0,343.0,0.1,523.2,0.0,12.27,4.0,76.534,185113.0,No,Yes,185113.0,1620000000.0,185113.0,73.68,0.12,185113.0,185113.0,0.19699999999999998,Current or past transmission but no Zika outbreak
Germany,114.24,0.32,0.46,0.4,2.51,370.18,1.38,12.18,2.95,56.09,6.48,1.39,0.42,2.0,5.15,5.64,0.25,0.33,0.3,8.36,4.3,370.18,4.2,4.03,9.69,1.3,24.77,18.0,0.0,0.15,0.96,3.39,3.52,4.05,8.75,370.18,0.21,6.33,1.34,2.98,2.02,0.62,4.8,18.75,8.27,0.15,1.05,0.84,45900000.0,612800.0,2460000.0,1.48,12.9,93360000.0,3.24,7900000.0,43.1,7.0,4024396.0,1135000.0,23.0,847600000.0,22.3,5.0,52.0,119500000.0,83123000.0,47.8,0.0,6569.0,2.0,536500.0,1.7,5326000.0,1836000.0,8.63,2658.0,81.724,83883596.0,Yes,No,83883596.0,3840000000000.0,83883596.0,100.74,0.07,83883596.0,83883596.0,0.223,No mosquitoes that spread Zika
Bolivia,100.88,0.0,2.32,5.19,0.47,782.95,10.86,4.16,6.91,100.61,48.27,7.44,3.64,2.34,3.5,9.92,1.62,0.03,1.72,17.15,3.45,782.95,3.43,7.02,40.11,6.79,8.69,32.44,0.0,8.72,0.23,1.35,0.89,11.76,3.21,782.95,0.6,5.29,2.78,23.15,1.76,0.88,7.85,67.18,6.82,10.73,1.57,9.68,5719000.0,8951.0,83000.0,2.45,30.3,3171000.0,39.27,18690000.0,43.3,155.0,78486.0,8601.0,5.7,17660000.0,20.2,0.0,7.0,0.0,11633000.0,25.3,10.0,1274.0,18.0,7785.0,2.8,11830.0,0.0,20.36,222.0,72.096,11992656.0,No,Yes,11992656.0,36900000000.0,11992656.0,76.53,0.06,11992656.0,11992656.0,0.20199999999999999,Current or past transmission but no Zika outbreak
Cuba,129.09,0.34,1.59,0.61,3.33,525.69,3.72,13.88,3.64,97.65,8.47,1.04,2.02,0.46,2.7,11.48,0.33,0.61,3.76,15.63,6.07,525.69,3.76,4.02,10.3,1.31,29.41,24.23,0.0,0.32,0.32,4.5,4.45,8.43,4.44,525.69,0.11,14.41,0.93,7.39,2.28,1.31,4.86,47.47,10.19,0.26,2.97,5.02,4691000.0,19280.0,175000.0,1.71,16.3,1189000.0,4.19,1189000.0,67.9,36.0,137000.0,11060.0,15.8,26940000.0,24.6,0.0,8.0,0.0,11185000.0,42.1,5.1,0.0,1.0,16160.0,5.5,26320.0,112400.0,10.25,294.0,79.082,11305652.0,No,Yes,11305652.0,47260000000.0,11305652.0,83.9,0.08,11305652.0,11305652.0,0.24600000000000002,Current or past transmission but no Zika outbreak
United States,102.55,0.42,0.84,0.42,2.84,480.82,1.44,10.28,3.78,73.49,10.58,1.55,1.19,21.28,8.22,5.68,0.73,1.13,1.37,10.26,5.64,480.82,4.43,4.69,8.98,2.37,25.54,28.49,0.0,0.9,0.97,3.04,2.01,5.11,7.26,480.82,0.46,5.04,0.55,11.1,2.36,0.86,2.24,22.27,14.51,0.09,1.67,6.0,160400000.0,4095000.0,19960000.0,1.84,18.5,767600000.0,5.22,772800000.0,18.1,19.0,18349107.0,2361000.0,16.9,5242000000.0,36.2,9.0,14.0,86150000.0,331449000.0,38.5,0.8,1158000.0,7.0,3902000.0,2.1,17910000.0,7969000.0,12.33,8295.0,79.05,334805269.0,Yes,No,334805269.0,20890000000000.0,334805269.0,97.43,0.11,334805269.0,334805269.0,0.36200000000000004,Current or past transmission but no Zika outbreak
Austria,108.33,0.33,0.38,0.5,2.53,371.55,1.24,10.88,3.92,67.28,8.48,0.55,0.34,1.81,5.85,4.37,0.25,0.78,0.32,11.74,5.9,371.55,4.01,4.78,8.56,0.61,22.79,17.22,0.0,0.27,1.01,2.2,3.52,7.96,9.4,371.55,0.15,5.99,1.34,4.18,2.71,0.36,4.16,19.61,10.4,0.21,1.27,0.49,4260000.0,60780.0,268000.0,1.5,14.0,9486000.0,3.29,1274000.0,48.4,5.0,444440.0,158100.0,19.9,63930000.0,20.1,0.0,31.0,14020000.0,8917000.0,44.5,0.0,0.0,43.0,64600.0,2.2,689100.0,146600.0,9.48,246.0,81.91,9066710.0,Yes,No,9066710.0,432910000000.0,9066710.0,98.38,0.05,9066710.0,9066710.0,0.201,No mosquitoes that spread Zika
France,123.72,0.35,0.62,0.6,3.68,338.6,1.35,13.1,3.19,30.17,5.71,0.86,0.91,1.71,4.79,3.99,0.38,0.35,0.45,2.64,3.35,338.6,4.65,6.66,6.54,1.29,27.51,8.62,0.0,1.52,0.65,3.41,3.84,8.36,8.22,338.6,0.24,5.36,0.7,4.6,2.18,0.67,3.76,16.74,9.65,0.23,1.61,0.8,30680000.0,529100.0,1705000.0,2.04,18.4,41880000.0,3.19,16990.0,51.8,8.0,2720926.0,601700.0,20.5,341200000.0,21.6,50.0,19.0,48590000.0,65187000.0,41.7,0.0,0.0,15.0,450800.0,1.2,5360000.0,1147000.0,11.77,1697.0,82.996,65584518.0,Yes,No,65584518.0,2620000000000.0,65584518.0,96.69,0.05,65584518.0,65584518.0,0.21600000000000003,No mosquitoes that spread Zika
Mauritius,82.08,2.05,6.38,4.26,1.17,672.85,2.88,10.27,6.34,102.82,104.41,1.41,3.02,1.16,6.1,3.56,0.62,0.56,9.81,34.14,6.69,672.85,2.86,3.04,8.61,3.62,10.21,37.21,0.0,0.24,0.0,2.01,3.62,4.15,3.13,672.85,0.74,6.54,0.2,10.85,0.24,3.73,5.88,56.52,8.75,1.09,1.79,2.18,633900.0,2898.0,27000.0,1.73,19.4,0.0,10.82,0.0,21.1,61.0,28270.0,4986.0,11.1,6429000.0,10.8,0.0,14.0,0.0,1265000.0,36.3,0.1,0.0,7.0,2726.0,3.7,10890.0,0.0,12.44,31.0,75.36,1274727.0,No,Yes,1274727.0,10920000000.0,1274727.0,86.56,0.23,1274727.0,1274727.0,0.10800000000000001,No mosquitoes that spread Zika
Iceland,104.73,0.42,0.26,1.05,3.04,347.92,1.69,12.15,1.96,54.46,4.22,0.16,0.36,4.41,2.31,3.23,0.09,0.22,0.09,2.87,3.42,347.92,2.88,3.82,1.72,1.13,21.77,17.98,0.0,0.06,0.51,3.7,1.55,7.88,7.25,347.92,0.64,8.47,0.19,1.78,2.01,0.39,3.12,18.39,11.15,0.0,1.1,1.08,198700.0,18170.0,20850.0,1.96,20.3,0.0,1.66,0.0,53.2,4.0,17071.0,6525.0,15.5,3228000.0,21.9,0.0,25.0,0.0,366700.0,37.1,0.0,0.0,71.0,17680.0,1.8,27300.0,0.0,13.12,6.0,83.37,345393.0,Yes,No,345393.0,21630000000.0,345393.0,98.26,0.06,345393.0,345393.0,0.21899999999999997,No mosquitoes that spread Zika
Belize,92.66,0.0,2.51,1.5,0.0,636.87,9.27,7.47,4.45,73.43,53.85,2.79,5.99,0.43,7.01,4.43,1.06,0.01,33.57,17.49,6.25,636.87,0.88,9.53,20.2,3.22,11.67,18.01,0.0,3.27,0.14,0.84,0.0,10.64,3.57,636.87,0.38,18.77,1.03,23.61,0.0,2.0,8.5,48.39,7.65,2.92,0.47,40.23,120500.0,280.0,4000.0,2.66,32.6,0.0,11.4,0.0,28.2,36.0,3218.0,845.9,4.5,556700.0,24.1,0.0,22.0,0.0,419200.0,23.9,0.5,1220.0,27.0,453.0,1.1,1327.0,0.0,21.62,5.0,74.946,412190.0,No,Yes,412190.0,1590000000.0,412190.0,62.55,0.15,412190.0,412190.0,0.24100000000000002,Current or past transmission but no Zika outbreak
Hungary,162.44,0.18,0.61,0.29,4.92,602.44,2.77,24.53,2.87,155.07,11.33,1.26,0.78,0.43,3.35,7.81,0.65,0.36,0.14,29.84,9.17,602.44,4.95,4.19,19.03,1.64,43.54,30.26,0.0,0.14,0.71,3.13,7.91,4.45,10.4,602.44,0.4,5.73,1.04,6.33,2.81,0.63,6.77,50.69,11.78,0.38,1.98,1.17,4599000.0,30220.0,167700.0,1.48,14.5,10390000.0,4.69,1812000.0,49.0,12.0,283100.0,96300.0,20.7,51280000.0,26.4,22.0,13.0,13370000.0,9767000.0,43.6,0.0,2713.0,1.0,39370.0,2.4,131200.0,121000.0,8.72,339.0,77.174,9606259.0,Yes,No,9606259.0,155810000000.0,9606259.0,99.24,0.07,9606259.0,9606259.0,0.264,No mosquitoes that spread Zika
Brazil,102.82,0.98,1.09,1.71,2.18,574.01,4.0,9.62,6.33,68.14,24.64,2.48,2.32,1.08,7.18,7.64,0.46,0.82,5.44,11.69,7.37,574.01,3.72,4.81,9.02,3.14,13.2,24.17,0.02,2.76,0.15,4.36,4.15,6.04,4.99,574.01,0.14,7.78,0.93,15.08,2.06,2.94,7.5,50.4,6.41,2.19,1.16,31.58,104200000.0,567900.0,2956000.0,1.73,21.1,34350000.0,18.37,23960000.0,35.7,60.0,2973364.0,153200.0,9.2,513800000.0,22.1,1.0,18.0,10510000.0,211756000.0,33.2,1.9,736600.0,64.0,509100.0,3.4,544100.0,297700.0,13.44,3968.0,76.368,215353593.0,No,Yes,215353593.0,1450000000000.0,215353593.0,83.38,0.09,215353593.0,215353593.0,0.221,Current or past transmission but no Zika outbreak
Croatia,147.88,0.11,0.61,0.47,4.59,496.12,1.94,22.13,3.57,104.12,16.5,0.63,1.44,1.38,1.14,8.06,0.44,0.72,0.14,8.69,5.3,496.12,4.76,5.38,11.97,0.39,32.33,17.68,0.0,0.01,0.78,2.27,4.18,4.76,7.92,496.12,0.23,7.39,1.16,6.58,3.49,0.07,8.24,52.82,11.01,0.65,2.02,0.89,1559000.0,12200.0,73000.0,1.44,14.2,2577000.0,8.91,1048000.0,43.1,8.0,99339.0,22340.0,21.1,17960000.0,24.4,0.0,16.0,1841000.0,4049000.0,43.9,0.4,0.0,40.0,15930.0,1.1,48110.0,55400.0,8.68,148.0,78.866,4059286.0,Yes,No,4059286.0,57200000000.0,4059286.0,95.75,0.05,4059286.0,4059286.0,0.244,No mosquitoes that spread Zika
Slovakia,157.25,0.05,0.48,0.37,4.61,509.62,3.13,24.87,4.13,99.61,7.45,0.35,2.12,0.68,1.93,13.03,0.51,0.15,0.03,9.84,4.1,509.62,4.79,4.7,17.16,2.38,25.91,10.88,0.0,0.28,0.64,3.3,7.93,7.2,8.9,509.62,0.42,8.9,0.68,5.28,3.59,1.63,8.29,35.9,9.31,0.3,2.76,0.91,2758000.0,25320.0,85880.0,1.45,15.1,4672000.0,4.9,104800.0,38.6,5.0,177968.0,80070.0,17.1,34860000.0,20.5,27.0,13.0,4984000.0,5459000.0,41.8,0.0,1022.0,24.0,26640.0,1.3,75040.0,111200.0,9.1,153.0,77.862,5460193.0,Yes,No,5460193.0,105090000000.0,5460193.0,96.32,0.06,5460193.0,5460193.0,0.205,No mosquitoes that spread Zika
Czech Republic,128.77,0.08,0.78,0.34,4.23,477.2,1.87,17.0,1.85,118.91,15.38,0.99,1.09,1.06,3.53,3.65,0.34,0.11,0.07,9.13,3.64,477.2,4.71,4.05,12.83,1.16,24.04,16.76,0.0,1.12,0.63,3.09,4.84,11.02,10.31,477.2,0.25,6.17,1.03,5.54,2.77,0.83,4.84,30.06,9.48,0.13,1.84,0.54,5427000.0,77390.0,213700.0,1.49,15.2,8721000.0,2.42,229400.0,38.1,3.0,385685.0,134700.0,20.2,115800000.0,26.0,19.0,16.0,8891000.0,10700000.0,43.3,0.0,446.0,5.0,62340.0,2.4,128900.0,155900.0,8.75,317.0,79.71,10736784.0,Yes,No,10736784.0,245340000000.0,10736784.0,94.92,0.07,10736784.0,10736784.0,0.26,No mosquitoes that spread Zika
Luxembourg,108.97,0.51,0.39,0.12,3.49,346.09,0.98,11.34,1.87,48.9,4.83,0.44,0.26,1.05,4.44,4.59,0.27,0.39,0.32,3.39,3.87,346.09,4.71,4.48,8.07,0.65,25.47,18.82,0.0,1.15,0.42,3.03,1.92,7.14,7.48,346.09,0.2,5.1,1.36,3.62,1.92,0.31,4.48,18.65,8.62,0.13,1.38,0.42,282800.0,335.0,59850.0,1.63,16.7,792800.0,3.3,0.0,42.4,5.0,56190.0,20660.0,15.4,10720000.0,22.6,0.0,67.0,792800.0,630400.0,39.5,0.0,0.0,8.0,6475.0,2.1,3781000.0,0.0,11.62,12.0,82.624,642371.0,Yes,No,642371.0,73290000000.0,642371.0,99.87,0.06,642371.0,642371.0,0.226,No mosquitoes that spread Zika
Suriname,121.12,0.0,2.86,3.68,1.06,832.23,8.69,13.75,5.78,123.28,53.75,5.98,4.8,1.3,6.72,6.6,2.29,0.01,23.57,25.66,6.86,832.23,3.6,8.43,24.32,6.28,18.83,18.0,0.0,2.5,0.18,0.42,2.8,13.07,4.88,832.23,0.3,15.67,1.15,15.53,0.19,10.27,4.64,117.53,25.89,2.93,1.02,5.85,144000.0,1967.0,13000.0,1.85,23.4,0.0,26.6,0.0,11.4,120.0,8688.0,1293.0,6.6,2075000.0,26.4,0.0,2.0,0.0,603500.0,31.0,5.2,0.0,38.0,1750.0,22.0,1235.0,820.0,14.7,12.0,72.002,596831.0,No,Yes,596831.0,2880000000.0,596831.0,90.29,0.13,596831.0,596831.0,0.264,Current or past transmission but no Zika outbreak
Mozambique,108.28,0.0,14.89,10.26,1.76,1471.81,22.65,3.14,8.38,114.09,56.89,57.95,4.35,0.92,4.6,11.5,5.56,0.37,223.85,55.74,6.41,1471.81,2.73,7.47,27.8,10.84,1.73,27.71,44.55,18.97,0.24,7.53,3.85,21.87,0.61,1471.81,5.07,7.65,3.33,48.9,4.25,2.46,1.62,199.97,23.2,14.56,0.85,4.29,12900000.0,18390.0,26000.0,4.89,45.6,1841000.0,63.03,6003000.0,21.2,289.0,35426.0,5223.0,2.9,11120000.0,7.2,0.0,1.0,0.0,30067000.0,17.0,48.9,0.0,83.0,11570.0,15.3,9554.0,0.0,38.03,698.0,61.714,33089461.0,No,Yes,33089461.0,14030000000.0,33089461.0,72.5,0.03,33089461.0,33089461.0,0.07200000000000001,With mosquitoes but no reported Zika cases
Belgium,114.06,0.45,0.46,0.53,3.54,379.83,1.16,11.97,2.57,44.62,4.21,1.14,0.52,1.97,4.82,5.68,0.46,0.22,0.26,1.78,3.38,379.83,4.44,3.89,7.38,0.79,28.49,20.24,0.0,0.71,0.67,3.84,3.11,6.43,7.06,379.83,0.25,5.5,0.81,5.1,2.14,0.98,3.31,21.11,13.93,0.18,1.33,1.19,5324000.0,79830.0,648600.0,1.77,17.2,17610000.0,3.24,0.0,49.4,5.0,493888.0,300400.0,19.2,134700000.0,22.1,28.0,36.0,18090000.0,11523000.0,41.6,0.0,0.0,1.0,82160.0,2.2,1281000.0,687600.0,11.03,311.0,82.014,11668278.0,Yes,No,11668278.0,521450000000.00006,11668278.0,97.49,0.04,11668278.0,11668278.0,0.221,No mosquitoes that spread Zika
Canada,106.57,0.32,0.37,0.65,2.89,345.57,0.99,12.23,2.99,45.15,7.22,0.9,0.71,8.7,4.41,5.07,0.41,0.6,0.33,2.79,2.94,345.57,4.06,4.21,5.73,1.9,27.23,15.91,0.0,0.21,1.09,3.01,2.18,3.35,6.57,345.57,0.25,5.17,0.73,4.58,2.27,0.76,2.86,15.12,10.34,0.13,1.54,1.6,19520000.0,649600.0,2445000.0,1.57,16.0,124400000.0,4.44,159100000.0,38.8,10.0,1647310.0,442100.0,19.0,640600000.0,29.4,9.0,12.0,26360000.0,38005000.0,41.8,0.2,2818000.0,56.0,522200.0,1.6,1608000.0,806700.0,10.21,826.0,82.812,38388419.0,Yes,No,38388419.0,1650000000000.0,38388419.0,99.52,0.08,38388419.0,38388419.0,0.294,No mosquitoes that spread Zika
Turkmenistan,95.51,0.0,1.08,8.81,1.79,824.05,5.44,4.31,8.77,278.65,16.1,5.08,2.33,0.84,2.31,1.94,2.02,0.04,52.75,13.37,13.5,824.05,2.47,6.4,41.99,11.05,9.52,8.7,0.0,0.14,0.24,9.55,4.1,5.68,3.11,824.05,0.62,1.58,1.81,15.37,1.38,0.22,10.51,125.89,6.07,11.87,1.37,3.13,2305000.0,21180.0,160000.0,2.04,25.4,39310000.0,38.54,77450000.0,10.3,7.0,98891.0,4571.0,5.4,100500000.0,18.6,0.0,0.0,0.0,5529000.0,29.2,28.9,67790.0,0.0,15090.0,8.0,502.8,0.0,17.85,119.0,68.5,6201943.0,No,Yes,6201943.0,53190000000.0,6201943.0,85.86,0.07,6201943.0,6201943.0,0.18600000000000003,No mosquitoes that spread Zika
Serbia,158.43,0.79,2.18,0.75,4.93,644.33,4.61,19.81,2.56,116.5,19.21,0.88,0.71,0.66,2.12,2.17,0.44,0.09,0.27,8.11,75.38,644.33,4.67,5.39,6.26,2.99,40.2,20.58,0.0,0.07,1.19,2.1,4.38,3.18,8.2,644.33,0.14,6.77,0.43,6.23,3.84,0.67,7.17,83.3,7.86,0.63,2.16,1.05,2920000.0,36540.0,74000.0,1.47,14.1,2718000.0,5.67,509700.0,42.9,12.0,142474.0,20440.0,20.0,50210000.0,21.5,0.0,1.0,2010000.0,6908000.0,43.4,0.8,123.0,35.0,29810.0,3.1,31640.0,40980.0,8.74,314.0,76.33,8653016.0,Yes,No,8653016.0,53340000000.0,8653016.0,89.6,0.09,8653016.0,8653016.0,0.215,No mosquitoes that spread Zika
Mexico,71.07,1.71,1.07,1.53,1.06,571.83,3.92,5.72,7.31,92.41,71.86,2.81,1.42,1.18,9.09,2.13,0.48,0.52,3.23,14.3,1.51,571.83,3.88,5.75,24.62,4.31,6.21,23.06,0.0,5.75,0.24,1.05,1.13,9.65,3.8,571.83,0.42,6.21,0.71,12.86,1.53,2.43,5.77,32.08,5.29,1.58,0.75,25.3,54510000.0,302700.0,1984000.0,2.17,26.0,81610000.0,11.64,31570000.0,21.1,33.0,2156946.0,420800.0,7.7,454100000.0,28.9,2.0,9.0,50120000.0,126014000.0,29.3,3.9,1214000.0,17.0,258700.0,6.0,484600.0,0.0,17.29,2233.0,75.324,131562772.0,Yes,No,131562772.0,1090000000000.0001,131562772.0,87.73,0.17,131562772.0,131562772.0,0.289,Current or past transmission but no Zika outbreak
Norway,105.42,0.45,0.64,0.41,2.8,338.68,1.3,15.79,2.44,40.1,4.85,0.92,0.9,4.45,3.19,5.7,0.54,0.24,0.15,1.54,2.1,338.68,3.34,2.59,2.41,0.57,22.09,21.82,0.0,0.87,1.29,2.37,1.64,4.72,7.2,338.68,0.23,8.89,0.47,1.76,3.96,0.85,3.15,18.16,9.91,0.11,1.21,0.56,2797000.0,147700.0,205300.0,1.84,18.0,4049000.0,2.34,123900000.0,53.1,2.0,326290.0,95060.0,17.4,39800000.0,23.1,0.0,4.0,5663.0,5375000.0,39.5,0.0,1383000.0,93.0,122200.0,1.9,642300.0,36550.0,12.09,119.0,82.788,5511370.0,Yes,No,5511370.0,362200000000.0,5511370.0,97.13,0.04,5511370.0,5511370.0,0.231,No mosquitoes that spread Zika
Eritrea,86.61,0.0,16.35,7.37,2.26,1249.0,6.69,5.79,6.4,119.4,51.06,102.04,3.38,1.45,3.0,8.77,5.0,0.32,10.85,52.22,5.74,1249.0,6.26,3.56,61.76,6.6,3.27,36.46,13.87,26.52,0.19,4.3,3.62,21.49,1.05,1249.0,4.38,3.0,3.69,54.13,1.58,2.17,2.5,139.66,17.26,21.74,0.94,13.64,2710000.0,416.0,4000.0,3.65,38.2,0.0,42.39,0.0,29.5,480.0,9702.0,1127.0,4.0,597100.0,5.0,0.0,1.0,0.0,6081000.0,20.3,42.2,0.0,0.0,354.0,9.0,820.2,0.0,27.41,67.0,67.132,3662244.0,No,Yes,3662244.0,2080000000.0,3662244.0,68.77,0.07,3662244.0,3662244.0,0.05,With mosquitoes but no reported Zika cases
Azerbaijan,83.96,0.0,4.91,3.97,1.95,918.92,2.63,8.13,5.13,388.41,24.99,2.98,3.36,0.49,3.23,3.12,4.77,0.01,3.61,27.98,17.04,918.92,1.42,3.86,37.38,6.07,13.09,21.56,0.0,0.2,0.13,6.12,1.59,4.59,3.08,918.92,0.89,1.82,2.05,6.56,1.44,0.15,13.2,151.52,3.97,5.92,1.08,2.45,5118000.0,23570.0,100000.0,1.87,22.8,10340000.0,24.1,16960000.0,30.9,26.0,159167.0,9037.0,7.3,35600000.0,19.9,0.0,2.0,2095000.0,10110000.0,32.6,13.0,718800.0,14.0,20240.0,13.0,12650.0,0.0,14.03,196.0,73.226,10300205.0,Yes,No,10300205.0,42690000000.0,10300205.0,84.81,0.06,10300205.0,10300205.0,0.19899999999999998,No mosquitoes that spread Zika
Somalia,118.2,0.0,25.62,16.45,2.4,1558.49,12.19,8.09,8.94,129.66,48.19,128.81,6.47,0.62,3.58,7.93,6.16,0.46,6.27,50.05,5.86,1558.49,6.38,3.62,57.15,11.34,3.67,44.55,16.08,42.27,0.11,7.97,4.64,31.38,1.69,1558.49,5.99,5.7,5.27,38.94,2.55,1.92,4.92,150.17,14.66,109.27,1.26,6.81,4154000.0,339.0,5600.0,5.41,42.4,0.0,88.03,0.0,2.5,829.0,20440.0,94430.0,2.3,852500.0,8.3,0.0,7.0,0.0,14350000.0,18.5,68.3,0.0,0.0,315.0,1.5,3054.0,0.0,38.25,470.0,58.06,16841795.0,No,Yes,16841795.0,6960000000.0,16841795.0,67.67,0.07,16841795.0,16841795.0,0.083,With mosquitoes but no reported Zika cases
Costa Rica,83.93,0.38,1.02,0.93,1.52,384.34,2.75,10.02,6.46,40.74,14.87,1.36,1.86,1.1,3.05,1.9,0.2,0.02,3.47,12.84,3.09,384.34,4.57,6.19,6.24,3.45,5.56,15.14,0.0,0.57,0.19,0.96,1.6,8.81,4.73,384.34,0.11,6.85,0.53,14.0,2.09,1.88,10.69,24.44,7.62,0.53,1.31,12.02,2229000.0,10790.0,53000.0,1.87,22.1,0.0,8.59,0.0,14.1,27.0,83940.0,15150.0,8.8,7653000.0,25.7,0.0,18.0,0.0,5111000.0,32.6,2.2,0.0,64.0,9812.0,1.6,24910.0,0.0,14.53,76.0,80.752,5182354.0,No,Yes,5182354.0,62140000000.0,5182354.0,88.34,0.09,5182354.0,5182354.0,0.257,Current or past transmission but no Zika outbreak
Netherlands,125.42,0.46,0.39,0.61,3.42,366.87,0.91,15.0,3.22,38.44,5.62,1.18,0.48,1.03,3.26,8.22,0.18,0.07,0.14,1.62,3.02,366.87,4.14,3.18,3.02,1.38,29.85,21.59,0.0,0.04,0.97,5.83,2.16,3.51,7.94,366.87,0.07,7.26,0.5,2.83,2.94,0.6,3.58,20.66,9.27,0.07,1.44,0.58,7969000.0,109300.0,954500.0,1.78,16.1,43380000.0,3.45,45330000.0,41.9,5.0,884715.0,453800.0,19.8,250200000.0,20.4,1.0,23.0,51000000.0,17422000.0,42.8,0.0,7984.0,0.0,108800.0,1.3,4284000.0,1094000.0,10.98,428.0,82.636,17211447.0,Yes,No,17211447.0,913130000000.0,17211447.0,100.74,0.05,17211447.0,17211447.0,0.204,No mosquitoes that spread Zika
Uruguay,152.65,0.81,2.01,0.62,4.18,543.61,3.78,19.66,5.33,59.81,11.96,1.91,1.79,0.76,7.33,0.9,1.21,0.08,5.35,8.0,5.26,543.61,4.88,2.67,4.17,2.08,27.49,25.09,0.0,1.1,0.29,4.86,3.06,12.74,11.08,543.61,0.34,9.95,0.65,13.84,2.34,1.49,8.46,38.74,18.83,1.72,1.86,8.6,1748000.0,13130.0,53000.0,1.76,19.5,70790.0,8.48,0.0,26.3,17.0,78160.0,8607.0,14.7,7554000.0,27.9,0.0,42.0,70790.0,3531000.0,35.5,0.3,0.0,29.0,10770.0,6.2,21300.0,40200.0,12.75,91.0,78.282,3496016.0,No,Yes,3496016.0,53560000000.0,3496016.0,87.59,0.09,3496016.0,3496016.0,0.27899999999999997,With mosquitoes but no reported Zika cases
Sweden,97.4,0.47,0.56,0.38,2.74,346.11,1.18,12.51,2.78,50.98,6.85,0.88,0.83,4.1,3.09,3.92,0.4,0.27,0.1,5.32,2.58,346.11,3.4,3.36,3.99,0.61,16.11,14.83,0.0,0.37,0.84,2.39,1.75,4.92,7.84,346.11,0.12,8.78,0.38,2.57,2.9,0.7,2.75,19.81,12.37,0.09,1.31,1.22,5361000.0,152900.0,323100.0,1.86,17.7,764500.0,2.45,0.0,48.0,4.0,478680.0,153200.0,20.6,52310000.0,20.6,22.0,32.0,764500.0,10352000.0,41.1,0.0,14570.0,42.0,133500.0,1.9,939900.0,400200.0,11.93,254.0,83.178,10218971.0,Yes,No,10218971.0,541490000000.0,10218971.0,97.0,0.05,10218971.0,10218971.0,0.20600000000000002,No mosquitoes that spread Zika
Djibouti,71.03,0.0,10.33,9.6,2.44,1019.03,5.51,5.28,8.2,121.27,47.76,49.56,3.12,1.34,3.36,7.79,4.26,0.2,38.68,38.28,6.22,1019.03,5.83,2.67,42.55,14.66,2.88,21.95,7.73,25.18,0.19,4.01,2.34,27.05,0.72,1019.03,3.06,3.31,2.16,29.07,1.78,1.91,2.21,117.12,11.95,25.32,0.65,6.49,294600.0,406.0,6360.0,2.17,30.0,0.0,47.78,0.0,36.2,248.0,3640.0,726.4,4.0,950200.0,13.5,0.0,0.0,0.0,990000.0,24.9,10.0,0.0,0.0,377.0,0.7,1339.0,0.0,22.43,19.0,67.604,1016097.0,No,Yes,1016097.0,3410000000.0,1016097.0,68.41,0.07,1016097.0,1016097.0,0.135,With mosquitoes but no reported Zika cases
Rwanda,119.96,0.0,11.9,6.06,0.66,906.8,14.01,12.27,7.02,77.83,36.55,39.89,2.14,0.56,2.79,7.68,2.9,0.18,29.44,30.17,5.09,906.8,3.96,11.48,41.22,6.97,4.46,33.52,35.78,12.03,0.1,3.59,3.02,10.27,3.86,906.8,2.31,9.96,2.15,43.89,1.89,1.71,10.6,105.76,9.45,6.68,1.04,4.56,6227000.0,525.0,6700.0,3.42,40.0,0.0,27.16,0.0,22.4,248.0,24680.0,1922.0,2.7,985600.0,5.8,0.0,7.0,0.0,12663000.0,19.7,23.9,0.0,51.0,527.0,4.8,2442.0,0.0,27.18,183.0,69.688,13600464.0,No,Yes,13600464.0,10330000000.0,13600464.0,69.95,0.07,13600464.0,13600464.0,0.057999999999999996,With mosquitoes but no reported Zika cases
South Africa,133.53,0.0,13.63,3.36,2.19,1051.08,11.53,8.9,6.23,83.76,74.67,33.37,4.06,1.52,11.7,2.99,6.64,0.02,121.35,33.86,12.75,1051.08,3.34,5.46,18.41,7.16,18.34,31.41,0.14,4.41,0.22,8.5,3.18,10.77,4.98,1051.08,1.62,12.48,2.04,22.7,2.47,2.91,3.68,80.5,23.49,39.83,1.28,37.54,22190000.0,234500.0,621000.0,2.2,27.9,5069000.0,26.82,906100.0,27.3,119.0,687303.0,89360.0,6.1,572300000.0,28.3,4.0,10.0,4162000.0,59622000.0,28.0,6.8,0.0,1.0,207100.0,5.3,129700.0,404000.0,18.89,1555.0,64.628,60756135.0,No,Yes,60756135.0,335340000000.0,60756135.0,68.87,0.11,60756135.0,60756135.0,0.28300000000000003,With mosquitoes but no reported Zika cases
Botswana,73.38,0.0,17.13,5.97,0.52,1304.98,10.93,2.09,8.12,133.53,99.86,30.71,3.71,1.4,6.51,4.45,6.18,0.03,252.76,39.78,13.33,1304.98,0.76,4.32,30.38,10.36,3.39,40.61,0.03,8.21,0.19,8.01,5.52,11.76,1.33,1304.98,1.9,4.55,2.43,30.39,4.55,2.52,0.74,133.3,20.22,34.54,0.75,18.25,1177000.0,2527.0,21000.0,2.42,30.5,0.0,25.97,0.0,42.8,144.0,39010.0,5005.0,5.6,6235000.0,18.9,0.0,0.0,0.0,2375000.0,25.7,3.8,0.0,0.0,3636.0,3.3,2386.0,0.0,20.6,39.0,69.706,2441162.0,No,Yes,2441162.0,14930000000.0,2441162.0,69.45,0.05,2441162.0,2441162.0,0.18899999999999997,With mosquitoes but no reported Zika cases
Zambia,101.21,0.0,10.81,10.07,2.36,1232.75,27.33,2.98,8.15,85.4,42.93,54.75,3.21,1.19,3.28,9.14,3.87,0.24,132.99,56.2,6.33,1232.75,2.93,2.22,63.86,9.64,4.41,25.95,54.16,17.63,0.17,5.61,2.39,13.38,0.68,1232.75,3.48,13.28,2.7,32.93,1.87,1.69,3.21,156.5,14.43,49.91,0.52,7.04,6898000.0,11550.0,23000.0,4.63,45.7,0.0,37.91,0.0,16.6,213.0,68930.0,7852.0,2.3,3777000.0,8.1,0.0,2.0,0.0,17885000.0,16.9,34.6,0.0,93.0,11040.0,6.6,9270.0,12860.0,35.23,325.0,64.412,19470234.0,No,Yes,19470234.0,18110000000.0,19470234.0,68.43,0.12,19470234.0,19470234.0,0.081,With mosquitoes but no reported Zika cases
Namibia,89.09,0.0,15.49,6.21,1.39,1137.75,9.82,4.1,6.25,105.72,61.52,38.12,4.09,1.74,4.68,4.37,5.58,0.04,147.62,37.7,12.49,1137.75,1.66,3.04,23.5,9.38,4.38,40.96,0.87,9.45,0.15,1.65,7.84,10.07,1.37,1137.75,1.74,8.92,2.22,44.05,9.09,2.57,2.39,117.61,13.51,74.32,1.04,20.18,956800.0,1403.0,27000.0,3.03,35.7,0.0,30.38,0.0,37.5,195.0,30890.0,5384.0,3.9,3958000.0,17.2,0.0,8.0,0.0,2504000.0,21.8,9.0,0.0,64.0,3891.0,6.1,6515.0,0.0,25.33,54.0,64.492,2633874.0,No,Yes,2633874.0,10620000000.0,2633874.0,66.19,0.07,2633874.0,2633874.0,0.172,With mosquitoes but no reported Zika cases
Vanuatu,76.57,0.0,29.89,2.94,1.17,1213.19,5.66,4.85,9.24,299.44,81.66,46.26,12.56,0.24,4.71,7.87,1.74,0.07,0.0,31.5,5.91,1213.19,4.06,14.32,27.4,6.17,8.83,78.03,0.0,6.59,0.14,0.0,0.61,12.56,0.65,1213.19,0.79,7.41,16.53,17.4,0.0,4.13,2.91,190.53,20.97,7.46,0.87,2.69,115900.0,63.0,1100.0,2.72,33.7,0.0,14.69,0.0,22.8,72.0,772.0,273.7,4.4,164800.0,25.2,0.0,29.0,0.0,294700.0,23.0,5.5,0.0,0.0,59.0,3.1,208.1,0.0,21.95,4.0,70.842,321832.0,No,Yes,321832.0,994000000.0,321832.0,93.92,0.16,321832.0,321832.0,0.252,Current or past transmission but no Zika outbreak
Tajikistan,71.99,0.0,7.97,5.88,1.15,1006.55,1.8,3.56,5.99,389.75,33.52,6.04,5.88,0.36,2.11,4.57,3.37,0.09,2.75,47.19,1.42,1006.55,1.21,4.82,37.85,7.15,5.8,29.97,0.0,0.03,0.13,11.07,2.13,3.36,2.02,1006.55,0.49,0.83,3.58,19.35,0.91,0.22,15.97,160.78,5.32,12.24,1.92,2.23,2295000.0,17030.0,24000.0,2.48,31.4,19820.0,33.05,19820.0,27.8,17.0,28430.0,2390.0,3.6,6329000.0,14.2,0.0,0.0,0.0,9407000.0,25.3,26.2,0.0,94.0,12960.0,7.3,3976.0,0.0,21.22,125.0,71.562,9957464.0,No,Yes,9957464.0,8130000000.000001,9957464.0,87.71,0.07,9957464.0,9957464.0,0.142,No mosquitoes that spread Zika
India,80.12,0.0,18.49,5.11,1.34,809.54,3.72,7.03,4.7,140.72,25.49,64.45,3.76,0.94,1.29,21.87,1.84,0.11,3.35,10.68,1.12,809.54,2.79,2.67,22.24,11.98,7.82,87.9,0.59,0.7,0.19,3.4,11.45,12.19,2.97,809.54,0.27,3.14,10.94,16.33,0.47,1.62,7.07,64.97,12.91,32.84,0.61,3.84,521900000.0,1386000.0,4521000.0,2.28,26.3,55430000.0,39.55,31540000.0,8.9,145.0,8976876.0,452200.0,6.7,2383000000.0,3.9,2.0,16.0,23960000.0,1371360000.0,28.7,5.9,0.0,12.0,1137000.0,3.6,507000.0,4057000.0,17.53,28279.0,70.19,1406631776.0,No,Yes,1406631776.0,2670000000000.0,1406631776.0,76.24,0.1,1406631776.0,1406631776.0,0.039,Current or past transmission but no Zika outbreak
United Kingdom,113.21,0.12,0.86,0.35,3.54,378.96,1.04,12.09,3.07,43.08,3.59,0.86,0.4,4.16,2.84,4.31,0.32,0.29,0.23,2.97,2.47,378.96,3.55,3.64,7.9,2.42,24.68,19.8,0.0,0.09,1.58,6.08,2.46,3.64,6.2,378.96,0.25,7.3,0.54,2.81,2.62,1.2,3.32,20.17,6.88,0.25,1.58,1.22,33500000.0,318200.0,1584000.0,1.86,17.6,79170000.0,4.27,42110000.0,37.6,7.0,2683983.0,615900.0,18.5,424000000.0,27.8,9.0,39.0,47000000.0,67100000.0,40.6,0.0,710600.0,2.0,309200.0,2.7,8126000.0,907100.0,11.77,1765.0,81.646,68497907.0,Yes,No,68497907.0,2760000000000.0,68497907.0,99.12,0.06,68497907.0,68497907.0,0.278,No mosquitoes that spread Zika
Ecuador,90.05,0.0,0.5,1.2,1.03,471.74,5.22,6.86,6.22,57.99,26.62,2.38,2.71,1.3,2.98,6.58,1.01,0.01,3.7,14.49,1.82,471.74,5.25,5.94,20.76,4.66,6.69,14.62,0.0,3.21,0.11,1.12,1.02,6.75,3.51,471.74,0.34,8.13,0.97,20.6,1.8,0.59,12.8,32.47,7.68,3.49,0.81,7.07,8086000.0,26500.0,265000.0,2.07,25.8,453100.0,18.55,477800.0,31.2,59.0,173729.0,19310.0,8.2,37540000.0,19.9,0.0,2.0,0.0,17511000.0,28.8,13.1,383500.0,54.0,22680.0,0.4,33220.0,0.0,16.71,255.0,77.508,18113361.0,No,Yes,18113361.0,99290000000.0,18113361.0,78.26,0.04,18113361.0,18113361.0,0.19899999999999998,Current or past transmission but no Zika outbreak
Burkina Faso,110.54,0.0,11.8,10.42,3.26,1155.98,23.56,6.07,7.94,131.79,37.67,83.63,3.55,1.42,25.05,10.27,4.29,0.63,20.42,31.19,9.08,1155.98,0.82,14.45,32.34,10.86,3.02,18.73,49.69,14.3,0.24,1.17,2.71,16.52,2.01,1155.98,3.69,10.32,3.06,43.3,2.91,2.01,9.32,95.7,14.38,15.11,0.97,11.16,8501000.0,990.0,23000.0,4.39,43.6,0.0,50.71,0.0,20.3,320.0,38749.0,3305.0,3.2,3421000.0,5.6,0.0,12.0,0.0,20797000.0,17.9,17.7,0.0,9.0,1551.0,0.4,3092.0,0.0,34.34,444.0,62.568,22102838.0,No,Yes,22102838.0,17380000000.0,22102838.0,73.8,0.02,22102838.0,22102838.0,0.055999999999999994,Current or past transmission but no Zika outbreak
Uganda,127.28,0.0,11.28,7.85,1.7,1000.39,25.38,7.45,6.31,82.33,40.31,46.0,2.33,1.09,2.94,7.78,2.83,0.19,69.15,30.73,4.44,1000.39,2.67,7.69,33.7,7.36,3.2,28.73,30.23,11.07,0.09,11.56,4.38,10.15,2.88,1000.39,2.33,9.44,1.93,53.6,2.54,1.53,4.55,99.89,10.45,24.27,1.67,17.69,15840000.0,3463.0,32000.0,5.45,48.2,0.0,31.49,0.0,14.6,375.0,89190.0,5036.0,2.4,4703000.0,5.3,0.0,12.0,0.0,41584000.0,15.7,21.0,0.0,68.0,3106.0,5.6,6241.0,0.0,41.6,800.0,64.056,48432863.0,No,Yes,48432863.0,37440000000.0,48432863.0,76.42,0.05,48432863.0,48432863.0,0.053,Current or past transmission but no Zika outbreak
Burundi,131.97,0.0,16.37,9.01,2.61,1158.79,29.34,8.72,6.87,106.91,36.33,82.8,4.01,0.77,3.29,8.15,4.37,0.34,21.41,34.16,4.86,1158.79,1.96,7.21,37.93,9.11,1.91,39.25,47.79,24.88,0.1,11.03,5.99,15.7,1.71,1158.79,3.8,12.42,3.07,52.1,3.16,1.71,5.17,120.74,12.12,32.77,1.62,7.34,5012000.0,304.0,1500.0,5.1,43.8,0.0,38.96,0.0,19.2,548.0,6792.0,603.8,3.1,217000.0,5.4,0.0,14.0,0.0,12310000.0,17.7,24.1,0.0,73.0,383.0,16.6,705.2,0.0,35.48,253.0,62.372,12624840.0,No,Yes,12624840.0,3090000000.0,12624840.0,72.09,0.07,12624840.0,12624840.0,0.054000000000000006,Current or past transmission but no Zika outbreak
Cameroon,84.3,0.0,14.72,11.19,0.54,1177.2,12.07,5.92,10.13,122.39,57.0,55.91,3.78,5.35,9.27,10.66,4.38,0.17,73.92,21.74,7.89,1177.2,1.52,6.88,36.47,11.05,2.77,26.42,34.53,5.84,0.29,1.32,6.5,15.43,3.03,1177.2,2.8,12.45,2.67,40.18,1.92,2.88,4.3,118.87,15.92,40.86,0.67,6.68,9912000.0,8108.0,45000.0,4.61,42.3,906100.0,50.09,910400.0,15.4,529.0,89540.0,4812.0,3.1,7672000.0,11.4,0.0,1.0,0.0,24910000.0,18.5,24.4,96370.0,47.0,6411.0,0.6,7375.0,36480.0,35.91,657.0,60.01,27911548.0,No,Yes,27911548.0,40860000000.0,27911548.0,67.76,0.06,27911548.0,27911548.0,0.114,Current or past transmission but no Zika outbreak
Pakistan,87.06,0.0,16.73,11.3,2.19,1024.97,2.74,3.71,6.64,193.56,52.4,65.76,2.12,0.54,6.05,6.29,1.95,0.82,3.61,20.05,1.61,1024.97,2.78,3.19,38.05,17.2,7.37,77.79,0.27,3.52,0.27,5.67,11.65,13.0,0.79,1024.97,1.35,3.07,17.89,15.18,1.16,0.08,2.97,116.52,9.77,23.21,0.89,6.16,63890000.0,109700.0,557000.0,3.53,36.0,45050000.0,55.26,39050000.0,15.4,140.0,1197079.0,53110.0,4.4,179500000.0,8.6,5.0,7.0,6003000.0,226900000.0,22.0,8.6,13150.0,27.0,92330.0,4.1,64040.0,168200.0,26.95,4220.0,67.636,229488994.0,No,Yes,229488994.0,299300000000.0,229488994.0,80.0,0.31,229488994.0,229488994.0,0.086,With mosquitoes but no reported Zika cases
Angola,87.67,0.0,13.94,12.47,1.6,1151.16,15.57,4.16,9.93,107.86,42.64,67.15,3.59,1.09,4.41,8.62,3.27,0.09,49.97,41.41,9.85,1151.16,2.17,3.96,46.62,10.92,3.84,28.34,47.27,14.24,0.14,2.73,4.39,11.13,1.31,1151.16,2.7,13.75,3.25,30.07,4.68,1.55,3.02,112.25,12.56,85.98,0.83,11.75,12510000.0,10200.0,130000.0,5.9,47.8,821200.0,60.58,3115000.0,29.7,241.0,181359.0,19500.0,2.3,20950000.0,8.2,0.0,2.0,0.0,31128000.0,15.9,51.0,1782000.0,64.0,9036.0,29.8,37700.0,0.0,42.22,721.0,61.884,35027343.0,No,Yes,35027343.0,58250000000.0,35027343.0,75.1,0.05,35027343.0,35027343.0,0.08199999999999999,Current or past transmission but no Zika outbreak
Switzerland,96.94,0.32,0.42,0.48,2.97,307.0,0.66,9.81,3.56,41.51,4.37,0.71,0.47,1.84,3.24,7.39,0.15,0.1,0.22,8.02,4.21,307.0,3.37,4.35,4.37,1.58,19.52,12.25,0.0,0.29,0.96,2.67,2.84,2.56,7.68,307.0,0.12,6.43,0.31,1.71,2.39,0.51,3.3,14.92,9.83,0.1,1.08,0.45,5159000.0,59010.0,223900.0,1.58,15.3,3709000.0,3.64,0.0,32.6,5.0,498207.0,264500.0,18.7,38950000.0,19.5,18.0,13.0,3681000.0,8635000.0,42.7,0.0,0.0,67.0,58460.0,0.5,1664000.0,57400.0,10.41,195.0,84.112,8773637.0,Yes,No,8773637.0,751740000000.0,8773637.0,99.24,0.05,8773637.0,8773637.0,0.195,No mosquitoes that spread Zika
Togo,89.06,0.0,16.62,10.6,1.53,1107.46,10.85,6.33,7.21,143.23,37.36,61.24,2.78,3.02,11.83,9.27,3.92,0.18,45.39,21.5,7.26,1107.46,0.75,7.53,37.1,9.36,2.15,29.0,52.24,5.31,0.27,2.68,3.49,14.32,1.05,1107.46,2.42,7.74,3.01,33.94,4.71,2.12,7.49,116.5,14.81,3.67,1.47,10.19,2595000.0,233.0,15000.0,4.28,39.7,0.0,42.64,0.0,25.2,396.0,11380.0,1999.0,3.6,2651000.0,8.4,0.0,1.0,0.0,7706000.0,20.0,36.9,0.0,29.0,1261.0,2.9,1173.0,0.0,32.34,189.0,61.81,8680837.0,No,Yes,8680837.0,7590000000.0,8680837.0,59.83,0.02,8680837.0,8680837.0,0.084,With mosquitoes but no reported Zika cases
Gabon,86.77,0.0,8.68,6.57,3.39,1043.77,7.7,3.54,6.38,107.54,64.41,21.09,1.96,2.27,6.74,7.99,2.62,0.08,60.61,44.8,8.92,1043.77,1.42,3.71,35.26,8.92,8.18,23.69,28.76,6.07,0.12,2.91,6.76,9.28,2.05,1043.77,1.87,8.6,1.78,28.47,3.19,2.01,2.73,94.08,13.11,113.96,1.69,9.8,557800.0,2244.0,24000.0,3.36,36.5,401000.0,29.45,401000.0,20.0,252.0,33253.0,2829.0,4.0,4293000.0,15.0,0.0,0.0,0.0,2177000.0,21.0,6.8,214200.0,49.0,2071.0,2.7,5158.0,0.0,26.14,41.0,66.836,2331533.0,No,Yes,2331533.0,15340000000.0,2331533.0,62.97,0.06,2331533.0,2331533.0,0.15,Current or past transmission but no Zika outbreak
Romania,141.06,0.14,0.52,0.26,4.06,632.16,5.79,17.21,2.78,153.78,5.39,0.54,2.55,1.21,0.6,4.62,1.33,0.27,1.22,22.29,11.38,632.16,3.9,8.33,27.34,2.13,28.3,16.92,0.0,0.37,0.21,2.23,7.1,7.73,7.73,632.16,1.32,5.4,1.06,8.54,2.6,0.26,9.06,104.36,7.33,3.59,1.37,1.08,8951000.0,61780.0,198000.0,1.38,14.1,11580000.0,9.41,10870000.0,30.5,19.0,481379.0,78120.0,17.6,72070000.0,22.5,6.0,19.0,1218000.0,19280000.0,42.5,0.0,2076.0,29.0,49640.0,1.3,101400.0,145300.0,8.39,697.0,76.366,19031335.0,Yes,No,19031335.0,249510000000.0,19031335.0,86.88,0.07,19031335.0,19031335.0,0.225,No mosquitoes that spread Zika
Malawi,147.04,0.0,9.68,7.34,4.76,1074.02,34.32,2.9,6.35,82.36,36.03,60.66,2.23,0.57,2.36,8.32,2.94,0.19,99.96,32.87,4.28,1074.02,0.62,3.24,43.2,8.83,1.92,23.06,45.12,14.32,0.1,21.94,3.05,10.06,0.45,1074.02,2.51,5.03,1.88,57.15,4.59,1.36,2.55,99.81,10.58,23.26,0.28,3.12,7000000.0,1420.0,6000.0,3.51,45.9,0.0,34.19,0.0,18.8,349.0,22420.0,2312.0,2.7,1082000.0,5.8,0.0,6.0,0.0,18450000.0,16.8,9.8,0.0,93.0,1321.0,12.2,1921.0,0.0,28.59,334.0,65.182,20180839.0,No,Yes,20180839.0,11850000000.0,20180839.0,69.7,0.07,20180839.0,20180839.0,0.057999999999999996,With mosquitoes but no reported Zika cases
Kenya,144.32,0.0,9.95,8.5,1.69,1042.45,13.36,6.74,6.2,72.7,30.43,53.46,2.27,0.39,2.69,7.89,3.66,0.62,48.82,28.53,4.22,1042.45,4.48,5.77,57.44,8.13,3.2,26.82,33.54,13.1,0.13,20.37,7.82,12.36,3.59,1042.45,3.34,9.46,1.74,48.0,3.16,2.15,10.16,92.66,11.01,49.91,1.74,7.07,19600000.0,9634.0,109000.0,3.36,38.7,0.0,28.81,0.0,18.6,342.0,172923.0,15990.0,3.1,17980000.0,7.1,0.0,33.0,0.0,48460000.0,20.0,36.8,0.0,34.0,7863.0,8.0,20250.0,12550.0,26.78,819.0,67.212,56215221.0,No,Yes,56215221.0,101280000000.0,56215221.0,75.2,0.04,56215221.0,56215221.0,0.071,With mosquitoes but no reported Zika cases
Chad,85.64,0.0,20.15,14.71,1.51,1273.46,9.37,5.59,10.03,117.2,35.71,116.49,4.67,2.27,6.14,9.18,4.83,0.34,25.0,24.66,6.76,1273.46,3.27,5.97,45.92,12.91,1.71,29.34,49.56,15.22,0.22,2.2,4.33,18.9,2.0,1273.46,3.25,7.59,4.0,42.5,2.38,2.08,3.26,115.36,13.22,35.45,0.96,10.51,5654000.0,224.0,2300.0,5.57,47.4,0.0,67.02,0.0,15.6,1140.0,26455.0,2160.0,2.4,342200.0,6.1,0.0,3.0,0.0,16245000.0,16.1,49.2,70440.0,0.0,209.0,2.9,1875.0,0.0,41.05,539.0,54.896,17413580.0,No,Yes,17413580.0,10730000000.0,17413580.0,78.87,0.06,17413580.0,17413580.0,0.061,With mosquitoes but no reported Zika cases
Samoa,134.58,0.0,17.01,1.25,3.56,893.94,3.92,8.66,5.11,189.77,82.64,8.39,7.42,0.42,4.28,6.17,1.12,0.02,0.0,23.76,5.15,893.94,2.1,4.91,18.98,3.59,21.56,47.54,0.0,2.76,0.12,0.72,3.32,8.08,2.68,893.94,0.47,9.73,7.61,15.42,1.24,2.65,12.23,118.02,14.6,1.05,4.02,3.39,50700.0,132.0,2400.0,2.46,29.3,0.0,18.75,0.0,26.6,43.0,1137.0,14395.0,6.2,341100.0,47.3,0.0,29.0,0.0,202500.0,25.6,1.0,0.0,23.0,123.0,1.3,447.2,0.0,19.32,3.0,73.622,202239.0,No,Yes,202239.0,807000000.0,202239.0,83.96,0.09,202239.0,202239.0,0.473,Current or past transmission but no Zika outbreak
Ethiopia,83.68,0.0,8.13,10.53,2.06,880.34,8.63,6.59,6.38,78.39,33.58,63.15,2.44,0.71,2.3,8.65,3.73,0.21,13.62,29.73,3.59,880.34,6.06,3.0,50.31,9.52,4.05,25.66,5.39,11.17,0.11,3.35,2.58,14.07,0.83,880.34,4.29,2.75,2.22,42.41,1.82,1.67,2.77,83.71,9.45,25.31,0.82,8.85,52820000.0,11150.0,74000.0,4.07,39.8,0.0,34.62,0.0,14.6,401.0,203196.0,15590.0,3.4,12180000.0,4.5,0.0,11.0,0.0,100829000.0,19.8,42.7,0.0,86.0,9062.0,9.9,22490.0,0.0,31.03,2000.0,67.442,120812698.0,No,Yes,120812698.0,96610000000.0,120812698.0,68.42,0.05,120812698.0,120812698.0,0.045,Current or past transmission but no Zika outbreak
Guinea,94.84,0.0,21.49,11.93,0.71,1236.09,25.55,1.78,7.74,125.5,43.29,78.04,3.61,2.17,8.99,8.84,4.33,0.31,31.46,27.96,7.28,1236.09,0.2,19.78,42.03,11.0,2.08,30.27,45.2,8.88,0.27,0.42,2.29,15.68,0.3,1236.09,2.68,14.43,3.89,38.43,3.0,2.26,4.56,121.12,12.33,27.05,0.72,10.25,5558000.0,598.0,19000.0,4.89,41.2,0.0,50.99,0.0,21.0,576.0,28922.0,4799.0,3.9,2794000.0,7.7,0.0,0.0,0.0,12560000.0,19.1,23.2,0.0,67.0,556.0,8.9,1332.0,0.0,35.86,294.0,62.32,13865691.0,No,Yes,13865691.0,15290000000.0,13865691.0,53.48,0.02,13865691.0,13865691.0,0.077,With mosquitoes but no reported Zika cases
Benin,106.24,0.0,15.55,11.26,0.67,1087.21,12.49,5.06,9.44,113.27,37.49,67.45,3.85,2.36,10.91,9.0,4.2,0.22,25.19,21.93,7.05,1087.21,3.48,6.58,39.37,13.84,1.08,25.54,42.51,8.09,0.23,6.3,2.67,15.04,3.03,1087.21,2.64,19.52,3.06,33.95,2.06,2.32,6.49,119.03,12.71,10.94,1.82,6.79,3662000.0,335.0,38000.0,5.47,45.6,0.0,57.23,0.0,16.8,397.0,25390.0,2787.0,2.4,5664000.0,9.6,0.0,2.0,0.0,12200000.0,17.0,22.1,0.0,9.0,1143.0,0.1,2340.0,0.0,41.55,289.0,62.532,12784726.0,No,Yes,12784726.0,15670000000.0,12784726.0,69.71,0.01,12784726.0,12784726.0,0.096,With mosquitoes but no reported Zika cases
Ghana,100.02,0.0,13.95,8.81,1.91,1038.04,12.77,6.86,7.03,119.93,44.68,30.48,2.38,3.31,6.88,8.85,3.31,0.15,51.92,17.73,11.13,1038.04,1.38,17.6,36.74,9.43,1.71,26.48,48.0,8.62,0.59,2.61,2.86,10.75,2.52,1038.04,2.15,10.76,1.73,31.33,1.57,1.87,6.41,124.02,10.54,44.25,1.52,6.73,12490000.0,12520.0,90000.0,3.71,37.4,1232000.0,33.33,914400.0,21.2,308.0,134000.0,12650.0,4.4,13670000.0,10.9,0.0,1.0,317400.0,30955000.0,21.4,11.3,104000.0,42.0,9363.0,12.4,21170.0,6220.0,29.08,622.0,64.682,32395450.0,No,Yes,32395450.0,68500000000.0,32395450.0,58.16,0.03,32395450.0,32395450.0,0.109,With mosquitoes but no reported Zika cases
South Korea,94.73,0.3,1.08,0.39,1.74,312.13,1.23,10.56,1.82,27.78,6.84,0.91,0.71,0.2,2.11,3.34,0.33,0.17,0.11,3.45,1.55,312.13,2.65,12.57,7.5,1.62,20.9,8.14,0.0,0.09,0.01,1.84,1.6,3.88,7.34,312.13,0.15,2.26,0.23,5.76,0.6,0.67,9.13,25.48,21.16,1.93,0.47,0.68,27750000.0,526000.0,2584000.0,1.09,12.8,45280000.0,2.91,339800.0,21.7,11.0,2198811.0,457500.0,15.9,778400000.0,4.7,21.0,8.0,48650000.0,53146000.0,43.2,2.2,0.0,2.0,507600.0,1.9,385600.0,3057000.0,6.89,939.0,83.354,51329899.0,Yes,No,51329899.0,1640000000000.0,51329899.0,102.35,0.07,51329899.0,51329899.0,0.047,No mosquitoes that spread Zika
Sierra Leone,88.45,0.0,17.26,13.12,2.29,1206.6,7.06,5.44,10.44,139.43,37.99,91.13,3.97,3.17,9.4,8.98,4.26,0.28,34.17,20.3,6.88,1206.6,0.73,10.33,33.3,12.61,2.37,27.43,61.6,11.15,0.24,0.92,2.18,15.78,1.68,1206.6,2.88,10.73,3.14,41.61,2.64,2.01,6.96,120.14,11.25,43.58,0.91,8.04,2972000.0,300.0,6500.0,4.58,41.4,0.0,65.34,0.0,13.0,1120.0,10771.0,1107.0,3.7,984800.0,8.7,0.0,26.0,0.0,8100000.0,19.1,37.4,0.0,51.0,279.0,18.2,1561.0,0.0,35.04,249.0,55.55,8306436.0,No,Yes,8306436.0,4059999999.9999995,8306436.0,45.07,0.02,8306436.0,8306436.0,0.087,With mosquitoes but no reported Zika cases
Comoros,86.08,0.0,11.32,9.63,2.09,924.14,22.21,4.81,7.95,105.0,37.95,56.27,3.62,1.09,3.32,6.78,3.94,0.21,0.0,36.33,5.04,924.14,0.82,6.45,36.5,14.65,0.21,25.91,4.6,14.16,0.14,8.59,3.54,13.47,0.0,924.14,2.87,11.12,2.24,37.42,2.85,2.01,3.03,104.85,8.46,14.19,0.71,8.76,278500.0,42.0,1300.0,2.86,36.7,0.0,58.21,0.0,26.5,273.0,2052.0,207.8,4.1,193600.0,7.8,0.0,0.0,0.0,795500.0,20.9,9.9,0.0,4.0,39.0,1.0,133.3,0.0,22.98,17.0,64.82,907419.0,No,Yes,907419.0,1220000000.0,907419.0,77.07,0.12,907419.0,907419.0,0.078,No mosquitoes that spread Zika
Niger,71.43,0.0,20.43,9.5,2.24,1112.23,4.71,5.52,7.56,118.53,33.65,93.61,4.32,1.13,6.27,12.36,4.88,0.39,7.11,18.25,7.46,1112.23,2.32,7.86,40.78,11.39,0.54,30.61,43.6,6.98,0.22,1.71,2.55,17.29,1.47,1112.23,2.97,1.99,4.21,33.36,3.18,2.14,3.59,114.2,10.15,26.95,1.03,12.61,6500000.0,495.0,14000.0,6.91,50.6,0.0,68.12,0.0,22.7,509.0,23632.0,1829.0,2.7,2534000.0,5.5,0.0,5.0,0.0,23196000.0,14.8,41.8,0.0,0.0,1065.0,2.4,2729.0,0.0,47.28,532.0,63.256,26083660.0,No,Yes,26083660.0,13760000000.0,26083660.0,70.82,0.05,26083660.0,26083660.0,0.055,With mosquitoes but no reported Zika cases
Gambia,59.92,0.0,15.88,10.44,0.44,1087.78,13.38,1.05,6.72,142.59,37.65,41.12,2.58,2.38,11.17,9.85,3.83,0.1,70.82,22.89,6.44,1087.78,0.09,30.83,33.48,9.17,3.62,29.4,46.43,7.13,0.24,0.48,0.01,11.81,0.54,1087.78,2.48,2.94,2.55,51.34,0.01,2.12,1.43,108.94,9.64,28.42,0.11,11.94,777100.0,304.0,3800.0,3.13,36.0,0.0,65.04,0.0,26.1,597.0,5376.0,376.9,3.7,607300.0,10.3,0.0,3.0,0.0,2229000.0,21.8,9.8,0.0,0.0,283.0,8.0,541.8,0.0,26.42,50.0,62.916,2558482.0,No,Yes,2558482.0,1830000000.0,2558482.0,52.68,0.02,2558482.0,2558482.0,0.10300000000000001,With mosquitoes but no reported Zika cases
Madagascar,95.38,0.0,17.92,7.29,2.14,1092.38,21.35,5.25,5.69,118.09,29.31,61.22,2.63,0.39,2.54,5.26,3.01,0.1,6.13,58.73,6.62,1092.38,2.03,6.77,36.32,7.61,1.15,38.84,22.36,22.42,0.12,8.67,5.16,11.29,0.59,1092.38,2.54,10.94,4.0,42.06,3.69,1.47,3.26,160.51,9.18,61.19,0.81,7.62,13400000.0,1706.0,18000.0,3.7,38.9,0.0,39.82,0.0,12.0,335.0,43868.0,2738.0,3.5,4021000.0,5.3,0.0,2.0,0.0,27191000.0,20.3,48.5,0.0,24.0,1587.0,8.3,4007.0,0.0,29.22,448.0,67.866,29178077.0,No,Yes,29178077.0,13060000000.0,29178077.0,76.79,0.05,29178077.0,29178077.0,0.053,With mosquitoes but no reported Zika cases
Nigeria,77.11,0.0,10.71,15.51,0.81,1061.66,10.84,4.32,11.22,100.91,33.5,78.99,2.17,5.81,7.01,8.54,3.44,0.27,26.81,16.07,5.49,1061.66,2.06,6.19,41.99,14.7,1.37,20.77,34.69,2.36,0.18,0.75,2.44,10.98,2.64,1061.66,2.82,9.6,2.05,27.25,2.29,1.64,2.52,88.68,6.87,99.13,0.84,11.97,60080000.0,29350.0,325000.0,4.67,41.7,17240000.0,58.23,44480000.0,2.7,917.0,1121000.0,32670.0,3.3,104000000.0,8.9,0.0,0.0,0.0,214028000.0,18.6,31.5,2096000.0,19.0,24720.0,16.5,39100.0,0.0,34.38,6561.0,55.436,216746934.0,No,Yes,216746934.0,429420000000.0,216746934.0,67.76,0.04,216746934.0,216746934.0,0.08900000000000001,Current or past transmission but no Zika outbreak
Laos,130.87,0.0,19.6,8.0,1.36,930.29,4.13,10.17,5.84,139.74,36.38,27.89,7.51,0.53,3.39,9.16,1.68,0.07,4.45,24.41,4.66,930.29,5.0,25.37,24.75,8.47,21.02,46.19,0.15,3.82,0.12,4.43,7.55,7.53,1.38,930.29,0.56,1.24,3.57,19.78,1.43,2.37,11.97,152.5,5.98,34.86,0.68,6.67,3582000.0,29740.0,18000.0,2.57,31.3,0.0,49.48,0.0,20.9,185.0,49340.0,4976.0,4.1,10420000.0,5.3,0.0,1.0,0.0,7231000.0,24.0,24.3,0.0,72.0,5471.0,0.8,11980.0,0.0,22.74,128.0,68.6,7481023.0,No,Yes,7481023.0,18520000000.0,7481023.0,80.99,0.06,7481023.0,7481023.0,0.053,Current or past transmission but no Zika outbreak
Montenegro,123.52,0.0,0.32,1.14,3.0,653.54,2.38,10.61,0.7,151.05,15.61,0.06,1.5,1.78,0.77,6.61,1.5,0.0,0.0,4.64,27.07,653.54,2.25,4.63,6.05,1.01,33.82,7.51,0.0,0.09,0.88,1.6,0.94,3.56,5.91,653.54,0.46,6.41,1.32,6.53,1.12,0.08,4.97,184.75,16.23,0.18,1.24,2.3,273200.0,3045.0,6000.0,1.82,18.1,0.0,3.29,0.0,36.8,6.0,11080.0,2618.0,16.0,2287000.0,23.3,0.0,8.0,0.0,621700.0,39.6,0.3,0.0,69.0,2808.0,2.4,1576.0,0.0,11.35,19.0,77.242,627950.0,Yes,No,627950.0,4780000000.0,627950.0,85.78,0.09,627950.0,627950.0,0.233,No mosquitoes that spread Zika
Tanzania,108.84,0.0,7.03,9.12,2.76,950.7,25.22,7.78,7.48,76.15,31.47,46.84,2.22,1.48,4.7,6.85,2.84,0.16,64.39,31.31,4.21,950.7,1.24,5.65,26.48,7.48,0.6,17.1,48.99,12.23,0.1,10.06,6.73,9.26,0.71,950.7,2.34,11.39,1.58,49.33,3.42,1.35,5.88,91.34,8.15,60.37,1.04,10.35,24890000.0,6699.0,72000.0,4.45,42.7,3115000.0,31.51,3115000.0,13.4,524.0,159821.0,7869.0,3.1,14570000.0,8.4,0.0,6.0,0.0,57638000.0,18.2,46.8,0.0,40.0,5682.0,5.3,15890.0,0.0,33.71,1033.0,66.08,63298550.0,No,Yes,63298550.0,64400000000.00001,63298550.0,74.95,0.12,63298550.0,63298550.0,0.084,With mosquitoes but no reported Zika cases
Australia,101.09,0.23,0.96,0.57,2.11,320.04,0.91,12.81,2.62,37.36,8.5,0.51,0.66,6.56,4.82,4.99,0.15,0.51,0.15,2.6,3.42,320.04,4.4,4.61,3.89,1.02,18.97,15.32,0.0,0.21,0.47,3.26,2.22,3.28,6.62,320.04,0.12,6.6,0.71,4.46,4.76,0.98,2.8,17.13,11.25,0.11,1.11,0.98,12911000.0,243000.0,1175000.0,1.74,18.7,45250000.0,3.05,105200000.0,33.5,6.0,1143419.0,221000.0,15.9,439100000.0,29.0,0.0,17.0,5776000.0,25697000.0,37.5,0.0,192500.0,11.0,229400.0,2.0,1692000.0,341700.0,12.35,475.0,83.792,26068792.0,Yes,No,26068792.0,1360000000000.0,26068792.0,99.24,0.06,26068792.0,26068792.0,0.29,With mosquitoes but no reported Zika cases
China,133.72,0.0,1.29,1.4,2.04,556.11,2.63,13.02,3.32,97.57,8.56,0.72,3.66,1.34,1.51,8.04,0.62,0.01,1.62,16.8,1.73,556.11,3.48,9.3,7.57,1.76,36.63,54.18,0.0,0.78,0.09,12.42,2.81,3.5,5.72,556.11,1.55,2.78,3.53,15.09,1.05,0.3,20.55,110.8,6.67,1.88,0.6,0.73,806700000.0,5883000.0,12470000.0,1.6,17.3,238600000.0,11.15,145900000.0,21.6,29.0,23440361.0,2140000.0,12.3,11670000000.0,6.2,2.0,18.0,97630000.0,1411779000.0,38.4,4.5,57310.0,18.0,5564000.0,1.6,983500.0,6710000.0,11.3,30373.0,77.3,1448471400.0,No,Yes,1448471400.0,14860000000000.0,1448471400.0,104.1,0.11,1448471400.0,1448471400.0,0.062,With mosquitoes but no reported Zika cases
Ireland,114.11,0.29,0.7,0.23,2.93,366.8,1.54,13.41,3.33,53.73,4.68,0.55,1.05,3.38,3.24,3.03,0.41,0.32,0.15,1.87,3.19,366.8,3.39,3.97,4.13,1.39,24.05,20.91,0.0,0.02,1.12,5.3,2.43,2.23,6.56,366.8,0.25,6.5,0.58,2.92,3.15,0.63,4.47,19.27,8.9,0.28,1.55,0.77,2226000.0,28530.0,153700.0,1.93,21.2,5238000.0,3.52,3511000.0,25.5,5.0,352569.0,98130.0,13.8,36910000.0,25.3,0.0,33.0,1642000.0,4977000.0,37.8,2.1,5900.0,2.0,25680.0,0.3,2470000.0,66210.0,12.6,87.0,82.658,5020199.0,Yes,No,5020199.0,425550000000.0,5020199.0,95.13,0.03,5020199.0,5020199.0,0.253,No mosquitoes that spread Zika
Georgia,98.94,0.0,2.01,1.11,2.84,768.36,3.27,6.62,5.27,214.86,23.97,0.43,2.34,1.66,1.93,7.87,2.77,0.01,2.16,55.36,5.61,768.36,3.01,5.98,32.66,3.02,17.96,15.85,0.0,0.08,0.19,1.12,2.63,7.52,3.47,768.36,0.54,4.01,6.28,11.3,2.09,0.24,8.03,159.62,7.65,3.9,1.77,2.15,1998000.0,13240.0,27000.0,1.75,18.4,2294000.0,15.1,7363.0,29.5,25.0,39850.0,7415.0,16.9,9912000.0,21.7,0.0,0.0,2294000.0,4016000.0,38.6,0.0,3006.0,65.0,12370.0,6.0,13650.0,2660.0,11.26,138.0,74.096,3968738.0,Yes,No,3968738.0,15850000000.0,3968738.0,84.5,0.06,3968738.0,3968738.0,0.217,With mosquitoes but no reported Zika cases
Mali,119.99,0.0,19.95,12.36,5.6,1108.32,20.72,9.63,8.14,106.89,35.85,97.7,3.75,1.3,7.14,10.85,4.42,0.34,37.66,21.16,6.7,1108.32,1.55,6.55,32.85,13.19,3.81,31.69,36.98,35.74,0.22,1.87,3.28,13.72,3.82,1108.32,2.88,7.08,3.33,29.48,2.74,2.07,13.39,101.36,7.96,12.84,1.1,12.8,6447000.0,2489.0,22000.0,5.63,47.7,0.0,62.31,0.0,18.2,562.0,39246.0,3644.0,3.0,3388000.0,8.6,0.0,1.0,0.0,20537000.0,16.0,23.0,0.0,31.0,2982.0,1.8,3626.0,0.0,41.6,515.0,60.174,21473764.0,No,Yes,21473764.0,17490000000.0,21473764.0,59.76,0.02,21473764.0,21473764.0,0.086,With mosquitoes but no reported Zika cases
Cambodia,112.59,0.0,12.86,4.79,1.94,892.65,6.51,9.05,5.26,109.52,32.98,18.34,7.01,0.45,3.26,19.53,1.66,0.36,10.05,25.06,4.18,892.65,4.14,25.17,69.03,6.47,15.83,35.56,0.64,4.35,0.14,2.73,6.15,5.6,1.22,892.65,0.5,1.79,2.85,21.9,1.68,2.34,3.77,141.59,5.49,21.06,0.86,2.12,8913000.0,5210.0,45000.0,2.36,30.2,0.0,45.62,0.0,17.5,160.0,64210.0,14370.0,4.6,10550000.0,3.9,0.0,2.0,0.0,15525000.0,26.4,24.5,0.0,63.0,5857.0,2.9,8460.0,0.0,20.84,283.0,70.32,17168639.0,No,Yes,17168639.0,25190000000.0,17168639.0,99.75,0.07,17168639.0,17168639.0,0.039,Current or past transmission but no Zika outbreak
North Korea,117.83,0.0,4.81,2.66,1.61,750.77,2.26,10.37,3.79,105.37,11.82,1.7,4.46,1.24,1.6,6.34,0.9,0.03,2.53,18.24,2.4,750.77,3.44,16.66,14.33,4.39,37.7,87.71,0.0,1.25,0.13,3.8,1.62,5.48,4.85,750.77,1.29,0.69,6.87,22.21,0.55,0.58,11.99,162.14,8.2,57.14,0.43,3.97,14000000.0,16570.0,18000.0,1.91,20.5,0.0,22.42,0.0,11.4,89.0,40000.0,2320.0,9.7,27830000.0,6.8,0.0,0.0,0.0,25643000.0,34.6,0.3,0.0,55.0,13890.0,2.9,5000.0,10640.0,14.35,672.0,72.704,25990679.0,No,Yes,25990679.0,47260000000.0,25990679.0,98.82,0.09,25990679.0,25990679.0,0.068,No mosquitoes that spread Zika
South Sudan,116.83,0.0,10.14,15.46,1.83,1087.76,13.92,7.03,7.99,67.24,28.11,89.87,3.07,0.59,2.34,5.13,3.92,0.18,92.45,26.49,3.15,1087.76,4.9,6.3,33.72,13.19,3.26,20.35,49.7,17.61,0.07,8.47,4.79,12.63,2.21,1087.76,2.36,9.39,1.89,50.94,2.57,1.7,4.83,78.18,6.69,53.5,1.32,20.51,4596500.0,413.0,8000.0,5.43,41.6,0.0,64.77,0.0,16.6,1150.0,20010.0,3795.0,2.5,1224000.0,6.6,0.0,1.0,0.0,10561000.0,18.6,41.3,147300.0,0.0,392.0,1879.0,21005.0,0.0,38.26,320.0,58.476,11618511.0,No,Yes,11618511.0,6710000000.0,11618511.0,58.61,0.07,11618511.0,11618511.0,0.086,With mosquitoes but no reported Zika cases
Liberia,100.35,0.0,8.98,11.43,0.83,1056.11,18.68,3.79,7.74,98.87,31.63,47.97,2.3,1.66,5.61,7.14,3.65,0.14,50.98,18.52,4.81,1056.11,0.66,17.19,34.32,11.72,2.68,15.39,52.62,10.21,0.15,0.64,2.01,9.64,1.56,1056.11,1.76,16.99,2.08,55.89,2.29,1.74,5.47,79.84,7.37,89.99,1.26,13.13,1677000.0,300.0,8000.0,4.84,43.4,0.0,45.98,0.0,28.3,661.0,5074.0,1166.0,2.8,1163000.0,9.9,0.0,0.0,0.0,5073000.0,18.0,24.4,0.0,43.0,279.0,12.4,1111.0,0.0,36.96,103.0,64.72,5305117.0,No,Yes,5305117.0,3040000000.0,5305117.0,45.07,0.02,5305117.0,5305117.0,0.099,With mosquitoes but no reported Zika cases
Peru,108.67,0.0,0.62,1.18,1.35,415.63,5.81,7.86,5.17,39.96,13.28,3.31,1.78,1.92,1.41,3.81,0.72,0.01,2.59,3.06,1.46,415.63,5.62,7.43,19.25,3.18,9.48,7.23,0.11,2.94,0.1,1.17,1.55,8.67,4.82,415.63,0.38,9.13,0.59,13.36,2.31,0.45,15.13,22.6,2.73,7.14,0.92,9.14,17030000.0,50130.0,250000.0,2.02,25.4,7483000.0,19.37,12990000.0,33.7,88.0,407683.0,38650.0,8.1,55940000.0,19.7,0.0,4.0,0.0,32626000.0,29.1,13.3,7995.0,35.0,44610.0,2.8,69780.0,86060.0,16.67,530.0,77.234,33684208.0,No,Yes,33684208.0,205230000000.0,33684208.0,81.44,0.05,33684208.0,33684208.0,0.19699999999999998,Current or past transmission but no Zika outbreak
Cape Verde,128.9,0.0,5.86,1.92,1.29,696.65,6.92,5.57,5.58,122.67,29.83,9.54,5.15,3.13,1.9,6.61,3.16,0.06,6.45,12.84,3.52,696.65,2.72,12.9,24.37,4.59,12.1,15.67,0.0,1.83,0.21,11.35,4.69,7.51,6.72,696.65,0.54,13.45,1.2,31.57,0.71,1.46,17.14,71.23,15.23,4.35,0.58,14.22,196100.0,395.0,5600.0,2.14,28.0,0.0,24.1,0.0,24.1,58.0,3621.0,836.1,5.5,867800.0,11.8,0.0,21.0,0.0,556900.0,26.8,8.3,0.0,0.0,367.0,0.8,1660.0,0.0,18.78,9.0,73.404,567678.0,No,Yes,567678.0,1710000000.0,567678.0,52.5,0.07,567678.0,567678.0,0.11800000000000001,Current or past transmission but no Zika outbreak
Senegal,103.12,0.0,13.53,7.93,2.18,903.33,18.01,5.68,6.71,107.21,37.84,51.31,2.51,1.58,6.44,8.73,3.34,0.13,10.34,17.73,5.54,903.33,1.02,13.96,27.51,8.37,2.59,23.01,42.82,3.5,0.23,1.5,2.75,11.48,2.36,903.33,2.22,11.92,2.15,35.06,2.17,2.18,7.76,87.45,10.99,23.25,1.37,9.23,6966000.0,4167.0,48000.0,3.97,40.4,59460.0,47.72,59460.0,25.8,315.0,53704.0,5217.0,3.1,8644000.0,8.8,0.0,11.0,0.0,16706000.0,19.4,21.5,0.0,7.0,3497.0,1.3,6186.0,17880.0,31.31,255.0,68.59,17653671.0,No,Yes,17653671.0,24530000000.0,17653671.0,77.37,0.03,17653671.0,17653671.0,0.08800000000000001,Current or past transmission but no Zika outbreak
Tonga,153.89,0.0,10.03,1.53,1.61,760.6,9.04,6.32,7.39,113.75,96.55,4.19,4.44,0.51,3.56,3.51,2.69,0.26,0.0,6.71,2.78,760.6,2.95,24.58,21.17,4.96,28.48,34.88,0.0,2.93,0.1,2.1,2.75,6.26,4.31,760.6,1.13,13.38,2.58,38.39,2.61,2.42,13.05,65.01,4.37,1.09,1.87,3.99,33800.0,52.0,900.0,2.81,32.0,0.0,12.73,0.0,30.9,52.0,591.0,250.2,6.8,139700.0,48.2,0.0,26.0,0.0,99800.0,24.1,0.4,0.0,0.0,48.0,7.4,233.1,0.0,20.6,2.0,71.196,107749.0,No,Yes,107749.0,494000000.0,107749.0,83.96,0.15,107749.0,107749.0,0.48200000000000004,Current or past transmission but no Zika outbreak
Bhutan,84.97,0.0,12.98,4.78,1.12,716.91,4.97,4.09,5.36,117.54,27.56,26.23,2.83,0.97,1.66,17.91,1.13,0.14,8.08,12.74,1.24,716.91,2.69,5.9,26.66,7.39,7.68,87.76,0.0,0.49,0.16,7.67,7.12,6.45,3.57,716.91,0.26,0.62,10.92,17.35,1.61,1.19,20.62,60.7,5.07,18.33,0.0,2.26,397900.0,7883.0,3000.0,1.8,24.5,0.0,35.99,0.0,30.7,183.0,7205.0,1025.0,6.6,604900.0,6.4,0.0,0.0,0.0,748900.0,29.1,0.0,0.0,99.0,2184.0,5.8,2261.0,0.0,16.17,14.0,72.472,787941.0,No,Yes,787941.0,2420000000.0,787941.0,87.94,0.1,787941.0,787941.0,0.064,With mosquitoes but no reported Zika cases
Argentina,117.15,1.0,0.71,0.67,2.74,571.75,5.03,15.34,4.87,75.11,11.71,0.93,0.85,1.45,6.33,0.91,0.56,0.22,3.3,8.32,9.11,571.75,4.06,3.6,7.81,3.88,17.98,35.48,0.0,1.38,0.2,3.56,1.96,10.23,7.96,571.75,0.4,7.0,0.23,13.91,1.82,4.81,6.28,36.5,8.14,1.29,1.62,6.09,18000000.0,131900.0,806000.0,2.2,24.0,49040000.0,9.55,40920000.0,21.4,39.0,761389.0,63970.0,12.1,203700000.0,28.3,4.0,3.0,9826000.0,45377000.0,32.4,0.9,36630.0,24.0,121000.0,25.7,155100.0,16740.0,15.8,954.0,77.026,46010234.0,No,Yes,46010234.0,389060000000.0,46010234.0,86.63,0.05,46010234.0,46010234.0,0.28300000000000003,Current or past transmission but no Zika outbreak
Chile,104.03,0.55,0.96,0.55,2.24,395.56,3.14,11.04,5.38,36.71,10.96,1.11,1.39,0.65,4.64,2.95,1.26,0.11,2.54,11.94,2.75,395.56,3.63,5.09,10.81,2.69,12.84,12.87,0.0,1.35,0.11,2.54,1.15,5.28,5.8,395.56,0.31,8.16,0.39,13.48,1.83,2.38,13.41,32.19,8.04,1.54,1.02,3.86,8881000.0,76090.0,354500.0,1.76,19.8,5125000.0,6.68,1218000.0,21.1,13.0,405587.0,61310.0,11.8,88230000.0,28.0,0.0,15.0,4446000.0,19458000.0,35.5,1.0,0.0,26.0,73220.0,2.2,160000.0,169600.0,12.92,339.0,80.584,19250195.0,No,Yes,19250195.0,252500000000.0,19250195.0,87.89,0.11,19250195.0,19250195.0,0.28,No mosquitoes that spread Zika
Barbados,140.05,1.67,2.63,2.34,1.51,592.13,5.46,21.22,6.78,55.52,40.44,1.38,0.54,0.35,16.58,1.34,0.2,0.0,8.36,11.09,8.39,592.13,6.34,2.86,4.94,2.29,8.22,10.68,0.0,0.38,0.16,1.9,3.49,15.13,7.44,592.13,0.44,26.05,0.21,7.96,0.57,8.82,4.94,58.54,0.31,0.26,3.88,10.16,144000.0,1010.0,11000.0,1.7,17.5,19820.0,10.23,14160.0,26.8,27.0,5218.0,1520.0,13.6,1760000.0,23.1,0.0,7.0,5653.0,285200.0,39.5,0.3,674.0,0.0,990.0,4.4,4490.0,0.0,10.96,7.0,79.516,288023.0,No,Yes,288023.0,4680000000.0,288023.0,91.6,0.14,288023.0,288023.0,0.231,Current or past transmission but no Zika outbreak
New Zealand,114.5,0.14,1.03,0.34,2.7,355.77,0.87,16.22,3.49,49.59,8.34,0.76,1.17,1.38,3.95,5.65,0.29,0.44,0.18,3.04,4.07,355.77,4.49,3.48,2.07,1.87,21.61,18.17,0.0,0.13,0.52,3.13,1.93,3.23,6.18,355.77,0.18,7.11,1.33,8.83,6.63,1.1,3.82,22.24,10.3,0.2,1.71,1.2,2655000.0,42530.0,169100.0,1.87,19.6,5182000.0,3.5,5097000.0,37.7,9.0,176341.0,39740.0,15.5,37750000.0,30.8,0.0,20.0,0.0,5084000.0,37.2,0.0,26440.0,58.0,39500.0,1.9,81390.0,108900.0,12.83,96.0,82.652,4898203.0,Yes,No,4898203.0,210700000000.0,4898203.0,98.57,0.06,4898203.0,4898203.0,0.308,No mosquitoes that spread Zika
Nepal,89.97,0.0,30.93,6.0,1.62,843.95,8.63,5.77,4.79,102.19,16.12,29.68,5.38,0.42,1.14,15.55,0.94,0.12,3.15,11.58,1.08,843.95,2.61,1.19,30.02,8.46,18.16,149.01,0.0,4.05,0.17,2.4,6.52,7.36,2.18,843.95,1.74,0.43,11.28,20.65,2.13,0.09,6.79,67.32,9.77,72.19,0.26,2.57,16810000.0,4244.0,27000.0,1.93,28.4,0.0,25.73,0.0,22.9,186.0,79190.0,10000.0,5.7,8396000.0,4.1,0.0,3.0,0.0,29996000.0,25.3,8.4,0.0,92.0,4983.0,4.5,4990.0,0.0,17.78,514.0,71.454,30225582.0,No,Yes,30225582.0,33979999999.999996,30225582.0,42.99,0.09,30225582.0,30225582.0,0.040999999999999995,With mosquitoes but no reported Zika cases
Panama,76.68,1.31,1.22,1.55,0.7,432.32,4.3,7.95,7.51,53.54,23.54,3.62,2.44,0.75,5.93,2.01,0.26,0.02,15.42,10.48,5.91,432.32,4.35,4.09,7.57,4.04,6.93,15.81,0.0,2.51,0.07,1.19,1.78,2.3,3.08,432.32,0.09,8.3,0.57,13.99,1.2,2.5,9.06,40.58,2.86,5.19,1.52,17.46,1633000.0,10600.0,146000.0,2.21,25.6,0.0,11.25,0.0,21.2,52.0,94828.0,21910.0,9.0,26080000.0,22.7,0.0,13.0,0.0,4278000.0,30.1,5.3,0.0,51.0,8708.0,0.9,22900.0,0.0,16.67,63.0,78.928,4446964.0,No,Yes,4446964.0,53980000000.0,4446964.0,79.0,0.08,4446964.0,4446964.0,0.22699999999999998,Current or past transmission but no Zika outbreak
Kiribati,176.62,0.0,75.35,9.2,1.55,1617.47,39.51,10.01,12.24,246.2,208.69,82.39,7.43,0.42,8.99,4.18,1.76,0.18,0.0,19.8,8.96,1617.47,4.44,11.85,36.41,10.54,19.04,51.07,0.0,21.31,0.21,7.66,13.84,10.69,2.82,1617.47,2.45,4.67,20.21,2.17,0.66,5.87,15.71,233.28,30.56,44.15,2.91,5.15,39000.0,29.0,400.0,2.23,28.5,0.0,33.66,0.0,119.2,92.0,227.0,107.1,4.6,58850.0,46.0,0.0,27.0,0.0,118700.0,25.7,33.1,0.0,0.0,27.0,0.4,13.6,0.0,20.27,2.0,68.934,123419.0,No,Yes,123419.0,182000000.0,123419.0,83.96,0.22,123419.0,123419.0,0.46,With mosquitoes but no reported Zika cases
Mauritania,85.1,0.0,8.59,9.85,2.05,848.0,14.94,5.29,7.27,97.58,33.08,44.13,2.1,2.66,4.39,6.66,3.05,0.11,7.2,16.11,4.86,848.0,0.73,12.8,25.88,15.92,2.77,16.35,43.02,13.89,0.21,1.31,2.03,8.96,1.67,848.0,1.5,7.49,1.53,31.87,2.41,2.17,6.03,74.41,5.47,24.14,0.81,13.71,1437000.0,1139.0,17000.0,3.59,37.6,0.0,52.05,0.0,24.2,766.0,17280.0,2094.0,3.9,2615000.0,12.7,0.0,20.0,0.0,4173000.0,21.0,42.1,5333.0,16.0,1059.0,2.3,3585.0,0.0,28.49,92.0,65.378,4901981.0,No,Yes,4901981.0,8109999999.999999,4901981.0,59.76,0.02,4901981.0,4901981.0,0.127,No mosquitoes that spread Zika
Afghanistan,89.41,0.0,24.23,10.16,1.95,1273.19,2.85,4.09,6.42,301.71,40.94,9.72,2.78,1.36,4.3,5.13,1.6,0.16,1.72,65.86,3.32,1273.19,1.95,4.22,27.2,12.07,6.9,37.01,0.55,1.44,0.42,8.78,8.18,13.02,1.54,1273.19,1.58,2.08,5.86,19.81,1.03,0.77,10.39,149.1,5.96,41.14,1.88,9.87,8478000.0,1211.0,35000.0,4.72,40.6,164200.0,106.75,164200.0,9.2,638.0,69450.0,7616.0,2.7,9067000.0,5.5,0.0,4.0,0.0,32890000.0,19.5,44.7,0.0,52.0,5526.0,5.0,1280.0,0.0,36.08,663.0,65.632,40754388.0,No,Yes,40754388.0,20140000000.0,40754388.0,82.12,0.11,40754388.0,40754388.0,0.055,No mosquitoes that spread Zika
Myanmar,108.06,0.0,24.48,7.82,1.46,892.11,7.91,6.75,5.25,90.33,48.14,17.0,4.24,0.84,2.91,13.85,0.47,0.04,13.93,20.51,4.16,892.11,3.05,10.79,33.29,8.91,16.58,73.61,0.21,2.65,0.12,6.7,8.77,5.48,1.68,892.11,1.44,0.98,2.0,20.94,2.27,2.02,11.58,185.28,2.96,38.12,0.52,3.92,22300000.0,17320.0,123000.0,2.05,26.0,4502000.0,33.71,18410000.0,13.1,250.0,287950.0,15780.0,6.0,27010000.0,5.8,0.0,1.0,0.0,54818000.0,29.2,19.4,1824.0,61.0,14930.0,4.0,9041.0,0.0,16.65,1265.0,67.576,55227143.0,No,Yes,55227143.0,81260000000.0,55227143.0,91.18,0.07,55227143.0,55227143.0,0.057999999999999996,Current or past transmission but no Zika outbreak
Thailand,116.51,0.0,3.93,1.01,1.7,498.6,5.14,9.6,4.31,46.8,17.78,6.97,5.49,1.11,2.02,5.66,0.73,0.01,17.53,1.97,2.98,498.6,4.55,23.18,17.93,2.91,21.3,17.59,0.02,0.84,0.09,3.06,4.94,5.93,2.3,498.6,0.18,2.82,0.45,30.48,1.12,3.15,3.41,46.81,7.95,9.62,0.83,4.23,38370000.0,181500.0,1326000.0,1.54,16.5,52640000.0,6.58,38590000.0,19.6,37.0,1199819.0,203200.0,11.8,355000000.0,10.0,0.0,16.0,14410000.0,68128000.0,39.0,2.2,790.0,8.0,187700.0,0.7,137100.0,875400.0,10.25,1562.0,77.558,70078203.0,No,Yes,70078203.0,500290000000.0,70078203.0,88.87,0.1,70078203.0,70078203.0,0.1,Current or past transmission but no Zika outbreak
Zimbabwe,167.05,0.0,24.21,10.09,2.29,1387.98,29.95,8.05,8.15,155.9,57.77,52.01,6.69,2.31,6.77,7.54,7.79,0.17,187.61,20.93,15.59,1387.98,2.82,7.78,28.41,11.85,4.78,22.07,12.22,23.88,0.18,14.22,3.24,16.74,3.66,1387.98,3.86,12.65,5.66,63.47,4.64,3.01,9.72,93.42,23.63,17.71,3.32,14.57,7907000.0,6800.0,27000.0,3.91,38.3,0.0,29.41,0.0,24.0,458.0,8388.0,5472.0,4.5,12060000.0,15.5,0.0,5.0,0.0,14000000.0,20.5,23.1,0.0,37.0,7118.0,0.9,10900.0,0.0,33.34,322.0,61.894,15331428.0,No,Yes,15331428.0,23150000000.0,15331428.0,74.01,0.02,15331428.0,15331428.0,0.155,With mosquitoes but no reported Zika cases
Portugal,116.19,0.36,0.49,0.41,3.88,373.76,1.61,16.03,2.39,39.25,10.79,0.66,0.6,0.64,5.21,3.52,0.56,0.49,2.21,4.55,3.66,373.76,4.09,5.44,6.03,1.51,19.2,11.66,0.0,0.21,0.3,2.93,4.6,6.75,6.5,373.76,0.15,6.27,0.58,5.99,1.88,0.61,9.99,34.68,7.22,0.83,1.47,0.76,5233000.0,56900.0,247200.0,1.42,13.6,6258000.0,2.53,0.0,42.4,8.0,307045.0,74730.0,20.9,54970000.0,20.8,0.0,35.0,6541000.0,10306000.0,44.6,0.0,0.0,25.0,46940.0,1.6,449000.0,285200.0,8.02,307.0,82.47,10140570.0,Yes,No,10140570.0,228360000000.0,10140570.0,92.77,0.09,10140570.0,10140570.0,0.20800000000000002,No mosquitoes that spread Zika
Malaysia,100.2,0.0,3.65,0.92,1.79,673.56,3.48,14.27,4.04,136.21,14.82,6.63,2.63,1.09,2.86,6.8,1.15,0.02,8.15,2.45,4.18,673.56,4.58,6.96,17.91,2.57,15.25,25.89,0.0,1.01,0.1,1.54,6.32,7.39,3.59,673.56,0.67,3.64,0.84,22.76,0.91,7.9,5.36,81.65,5.77,3.87,1.23,2.62,14940000.0,148300.0,704000.0,1.76,26.8,30440000.0,6.7,69490000.0,17.4,29.0,1001092.0,160700.0,6.9,226800000.0,15.6,0.0,4.0,2803000.0,32657000.0,29.2,1.8,326200.0,18.0,136900.0,3.8,187500.0,166000.0,14.72,487.0,76.506,33181072.0,No,Yes,33181072.0,337280000000.0,33181072.0,87.58,0.19,33181072.0,33181072.0,0.156,Current or past transmission but no Zika outbreak
Seychelles,161.16,0.0,5.89,1.52,4.22,723.6,8.28,23.22,6.66,97.13,24.13,5.82,11.64,0.78,5.7,5.28,1.74,0.04,0.0,39.54,9.39,723.6,6.05,5.44,28.12,4.59,17.23,21.51,0.0,1.59,0.23,5.35,12.25,4.16,7.02,723.6,0.51,19.61,0.8,10.94,1.1,1.69,6.42,62.39,7.73,0.0,1.58,13.66,47210.0,350.0,7300.0,1.82,18.9,0.0,10.83,0.0,34.3,45.5,2636.0,1155.0,8.3,1150000.0,14.0,0.0,9.0,0.0,98500.0,36.8,4.3,0.0,0.0,326.0,2.9,2552.0,0.0,12.63,2.0,73.65,99426.0,No,Yes,99426.0,1200000000.0,99426.0,78.76,0.09,99426.0,99426.0,0.14,No mosquitoes that spread Zika
Bahrain,81.77,0.0,5.14,0.36,4.58,702.22,1.1,9.33,4.76,157.79,131.8,2.61,1.33,1.0,14.64,3.85,2.01,0.0,0.25,7.12,5.25,702.22,4.45,3.81,19.84,4.33,13.81,28.41,0.0,1.04,0.16,1.52,1.53,3.8,4.1,702.22,0.22,2.92,1.2,5.64,0.1,8.88,3.15,52.59,7.2,0.5,0.79,0.31,831600.0,26810.0,61000.0,1.68,18.5,15890000.0,10.54,15890000.0,13.7,14.0,87254.0,16080.0,3.4,37980000.0,29.8,0.0,0.0,0.0,1502000.0,32.9,0.0,0.0,0.0,26110.0,1.4,21160.0,226200.0,12.5,12.0,77.604,1783983.0,No,Yes,1783983.0,34720000000.0,1783983.0,83.6,0.11,1783983.0,1783983.0,0.298,No mosquitoes that spread Zika
Albania,100.05,0.0,3.86,1.3,6.6,653.63,1.15,4.25,4.4,178.76,4.25,0.25,0.87,0.7,2.13,2.86,0.48,0.0,0.91,8.48,9.64,653.63,3.28,8.97,8.3,4.27,21.55,17.46,0.0,0.07,0.87,1.05,1.92,2.93,4.77,653.63,0.27,6.05,1.08,9.88,1.38,0.13,10.67,176.14,3.72,0.27,0.94,3.3,1198000.0,7138.0,29000.0,1.53,17.6,50970.0,11.1,50970.0,26.4,15.0,34991.0,4103.0,13.0,4500000.0,21.7,0.0,0.0,0.0,2838000.0,34.3,16.4,17290.0,95.0,5110.0,2.0,7797.0,0.0,12.86,67.0,78.844,2866374.0,Yes,No,2866374.0,15160000000.0,2866374.0,81.75,0.1,2866374.0,2866374.0,0.217,No mosquitoes that spread Zika
Philippines,87.41,4.91,15.56,5.07,0.82,989.44,3.62,10.5,5.74,192.11,44.43,6.44,3.74,0.73,15.28,5.41,0.64,0.0,0.19,49.65,4.37,989.44,3.83,9.73,8.65,6.4,13.46,51.31,0.1,6.71,0.04,0.87,3.74,3.79,2.81,989.44,0.24,6.45,1.81,13.42,0.52,6.88,2.47,104.08,2.54,26.98,0.92,14.87,42780000.0,86590.0,424000.0,2.89,32.4,3143000.0,20.55,3058000.0,14.6,121.0,915588.0,89390.0,4.9,117200000.0,6.4,0.0,16.0,0.0,108772000.0,24.1,8.2,16450.0,17.0,78300.0,2.9,77460.0,211400.0,22.66,1869.0,71.534,112508994.0,No,Yes,112508994.0,361490000000.0,112508994.0,81.64,0.07,112508994.0,112508994.0,0.064,Current or past transmission but no Zika outbreak
Yemen,65.34,0.0,17.56,8.05,1.5,977.65,0.79,7.78,8.06,278.48,15.42,13.11,3.37,2.68,2.84,6.19,4.01,0.06,1.93,52.65,3.58,977.65,3.41,4.88,21.23,12.37,4.89,30.33,6.67,4.37,0.24,6.92,3.26,8.91,2.35,977.65,1.93,0.39,4.35,34.92,0.81,0.4,7.79,127.49,7.06,9.58,0.03,10.22,7425000.0,4784.0,104000.0,3.1,39.2,481400.0,47.56,481400.0,5.6,164.0,73630.0,4079.0,2.8,13680000.0,17.1,0.0,21.0,0.0,29884000.0,19.8,45.1,8990.0,0.0,3681.0,24.7,7661.0,0.0,25.21,502.0,66.358,31154867.0,No,Yes,31154867.0,18840000000.0,31154867.0,62.86,0.05,31154867.0,31154867.0,0.171,With mosquitoes but no reported Zika cases
Brunei,134.3,0.49,4.75,0.9,1.6,733.62,4.43,21.3,9.4,90.67,56.41,1.31,2.21,0.73,25.19,6.36,0.85,1.69,0.0,15.15,6.93,733.62,5.44,10.79,1.9,3.38,24.77,27.0,0.0,0.51,0.0,0.91,6.55,8.96,4.5,733.62,0.0,7.47,1.58,7.38,0.49,7.61,8.69,87.37,2.54,7.47,3.12,0.65,203600.0,4014.0,18000.0,1.75,22.4,3936000.0,10.79,12740000.0,28.3,31.0,33870.0,2998.0,5.9,10040000.0,14.1,0.0,0.0,0.0,453600.0,31.1,4.45,127400.0,0.0,3771.0,2.9,0.0,160.0,16.3,6.0,76.204,445431.0,No,Yes,445431.0,12000000000.0,445431.0,87.58,0.11,445431.0,445431.0,0.141,With mosquitoes but no reported Zika cases
Bulgaria,120.14,0.15,0.2,0.87,3.82,665.51,3.59,16.5,3.67,210.78,8.11,0.4,1.55,0.87,1.33,2.99,0.97,0.09,0.31,32.82,4.28,665.51,3.61,4.53,15.44,2.58,23.63,22.97,0.0,0.02,0.5,1.46,3.32,4.55,7.11,665.51,0.34,5.62,0.36,8.59,2.17,0.39,7.8,116.86,6.5,0.95,2.53,1.0,3357000.0,42290.0,97000.0,1.49,14.5,3313000.0,8.14,79280.0,36.6,10.0,151132.0,31430.0,20.1,46310000.0,25.0,20.0,19.0,3256000.0,6927000.0,43.7,0.6,0.0,23.0,32340.0,1.2,42420.0,133900.0,8.15,293.0,75.362,6844597.0,Yes,No,6844597.0,70000000000.0,6844597.0,90.99,0.07,6844597.0,6844597.0,0.25,No mosquitoes that spread Zika
Israel,101.37,0.89,0.99,0.29,3.59,335.69,1.29,11.94,2.84,34.58,13.96,1.16,0.43,0.69,7.51,0.89,0.24,0.38,0.28,2.36,1.79,335.69,4.99,2.97,2.66,0.77,17.55,11.05,0.0,0.25,0.38,1.14,1.29,6.22,8.52,335.69,0.04,3.65,1.1,3.93,2.83,2.47,4.83,16.79,5.15,0.14,1.61,1.27,4021000.0,63090.0,242200.0,2.57,26.8,9995000.0,3.62,9826000.0,25.9,3.0,299780.0,68610.0,12.0,73820000.0,26.1,0.0,5.0,509700.0,9214000.0,30.4,0.0,0.0,0.0,55000.0,0.2,91080.0,231600.0,17.52,129.0,83.34,8922892.0,Yes,No,8922892.0,407100000000.0,8922892.0,92.43,0.09,8922892.0,8922892.0,0.261,No mosquitoes that spread Zika
Spain,102.26,0.45,0.72,0.4,3.99,316.35,0.99,14.27,2.05,34.87,5.01,0.61,0.69,1.1,3.95,2.48,0.22,0.63,0.81,4.72,4.16,316.35,3.46,4.88,4.79,0.92,22.84,12.26,0.0,0.18,0.35,2.11,2.74,4.18,6.38,316.35,0.24,4.41,1.15,3.15,1.54,1.03,5.23,18.37,5.28,0.22,1.4,0.47,22750000.0,258600.0,1296000.0,1.51,15.0,31270000.0,3.14,36810.0,36.8,4.0,1633916.0,338600.0,18.5,286700000.0,23.8,7.0,32.0,34630000.0,47482000.0,43.9,0.0,0.0,14.0,239500.0,2.0,2094000.0,1325000.0,8.05,1203.0,83.864,46719142.0,Yes,No,46719142.0,1280000000000.0,46719142.0,93.9,0.1,46719142.0,46719142.0,0.23800000000000002,No mosquitoes that spread Zika
Guyana,97.1,14.15,3.57,5.24,1.11,1117.37,12.85,8.32,7.16,192.95,82.6,6.6,18.48,2.12,24.94,1.52,2.65,0.04,34.94,45.77,12.69,1117.37,2.77,4.07,26.93,7.54,5.31,25.43,3.88,5.24,0.17,1.07,2.74,22.64,2.7,1117.37,0.07,18.64,1.69,22.39,0.71,0.46,4.88,149.26,40.85,18.83,1.89,25.46,313800.0,1010.0,14000.0,2.07,23.9,0.0,22.68,0.0,26.0,667.0,6301.0,1626.0,7.0,2131000.0,20.2,0.0,11.0,0.0,745000.0,27.5,1.7,0.0,0.0,790.0,2.0,2303.0,0.0,16.64,17.0,70.15,794045.0,No,Yes,794045.0,5470000000.0,794045.0,83.23,0.12,794045.0,794045.0,0.20199999999999999,Current or past transmission but no Zika outbreak
Syria,122.72,0.0,9.65,2.4,7.53,783.6,1.63,11.27,8.06,279.54,15.0,10.38,1.21,1.89,2.96,3.0,1.16,0.01,0.09,7.33,2.72,783.6,6.15,3.43,15.66,5.18,18.9,16.0,0.0,0.53,0.11,0.88,2.45,3.62,3.71,783.6,0.66,4.31,1.52,16.75,2.74,0.07,6.43,79.31,2.11,0.19,1.37,2.84,3767000.0,17070.0,134000.0,2.85,33.5,3738000.0,16.27,3738000.0,2.0,31.0,50280.0,6279.0,4.5,27510000.0,27.8,0.0,0.0,0.0,19398000.0,23.5,9.9,0.0,17.0,14160.0,28.1,5918.0,87660.0,23.25,234.0,75.112,19364809.0,No,Yes,19364809.0,47260000000.0,19364809.0,74.41,0.15,19364809.0,19364809.0,0.278,No mosquitoes that spread Zika
Malta,103.83,0.21,0.73,0.92,2.98,357.15,0.67,14.22,5.04,74.77,14.47,0.08,0.35,1.36,2.64,4.53,0.07,0.18,0.7,2.61,2.8,357.15,3.09,3.63,2.67,3.66,20.43,10.48,0.0,0.04,0.37,1.97,2.86,2.07,9.46,357.15,0.08,4.62,0.2,3.44,1.5,1.73,4.75,24.12,5.32,0.13,1.95,0.86,206300.0,813.0,45000.0,1.5,14.4,283200.0,4.62,0.0,41.0,6.0,21639.0,4996.0,21.3,8141000.0,28.9,0.0,19.0,311500.0,525100.0,42.3,0.0,0.0,0.0,2122.0,1.3,97350.0,0.0,9.84,11.0,82.906,444033.0,Yes,No,444033.0,14900000000.0,444033.0,91.27,0.08,444033.0,444033.0,0.289,No mosquitoes that spread Zika
Uzbekistan,64.98,0.0,4.22,3.43,0.88,746.87,3.01,4.14,5.02,354.54,25.76,1.59,3.39,0.91,1.02,2.54,1.7,0.0,2.04,13.87,1.54,746.87,1.82,4.9,35.87,4.5,7.96,9.92,0.0,0.04,0.09,2.69,2.63,4.2,2.76,746.87,0.85,1.61,4.1,12.38,0.73,0.15,8.72,103.48,8.28,5.01,0.82,1.52,18120000.0,55550.0,60000.0,1.73,23.2,43070000.0,19.42,52100000.0,31.6,29.0,223000.0,11420.0,5.9,95580000.0,16.6,0.0,0.0,0.0,34230000.0,30.1,12.7,27000.0,14.0,49070.0,12.5,15750.0,420.0,15.85,547.0,71.938,34382084.0,Yes,No,34382084.0,59890000000.0,34382084.0,89.01,0.07,34382084.0,34382084.0,0.166,No mosquitoes that spread Zika
Saudi Arabia,49.34,0.0,5.94,0.81,1.17,685.85,0.63,7.19,6.23,200.97,20.15,2.55,2.28,2.02,5.93,18.92,2.54,0.03,0.5,4.28,6.16,685.85,3.26,4.82,26.88,2.33,4.27,17.85,0.0,0.5,0.15,1.28,1.85,11.16,2.49,685.85,0.74,1.17,1.01,36.13,0.27,3.68,1.9,95.93,5.43,2.44,2.17,2.14,13800000.0,324100.0,3287000.0,1.95,24.8,109300000.0,12.58,109300000.0,23.5,17.0,1775000.0,119300.0,3.6,657100000.0,35.4,0.0,0.0,0.0,34825000.0,30.8,3.0,7341000.0,0.0,296200.0,2.9,200900.0,0.0,14.56,354.0,75.532,35844909.0,No,Yes,35844909.0,703370000000.0,35844909.0,76.36,0.19,35844909.0,35844909.0,0.354,With mosquitoes but no reported Zika cases
Libya,78.69,0.0,7.09,1.48,3.67,588.06,2.86,8.87,6.46,158.9,19.17,1.78,1.11,6.17,3.04,4.06,1.98,0.01,3.03,23.41,2.16,588.06,4.41,3.69,13.95,4.09,13.37,15.44,0.0,0.25,0.33,0.8,1.71,6.89,4.87,588.06,0.86,2.78,0.99,22.9,0.5,0.44,2.96,64.09,4.5,13.26,0.22,2.11,1114000.0,34240.0,260000.0,3.13,33.7,4446000.0,11.48,9089000.0,14.7,72.0,136402.0,11360.0,4.0,46480000.0,32.5,0.0,0.0,0.0,6891000.0,25.8,45.6,337800.0,0.0,27300.0,28.5,3531.0,0.0,22.23,99.0,73.292,7040745.0,No,Yes,7040745.0,19210000000.0,7040745.0,80.92,0.09,7040745.0,7040745.0,0.325,No mosquitoes that spread Zika
Oman,66.49,0.0,0.6,1.05,2.19,785.61,1.61,7.13,6.52,301.95,58.11,2.95,4.91,0.54,1.47,9.24,1.2,0.0,0.66,21.35,4.33,785.61,3.54,4.7,17.7,2.79,4.8,20.58,0.0,0.09,0.3,1.43,2.4,4.21,3.32,785.61,0.91,2.1,0.57,12.63,0.75,4.91,8.09,94.98,4.47,0.45,0.61,0.72,2255000.0,32160.0,188000.0,2.73,30.2,21940000.0,14.76,31230000.0,34.0,19.0,190100.0,24120.0,3.7,68940000.0,27.0,0.0,0.0,1982000.0,4477000.0,26.2,6.6,844100.0,0.0,28920.0,1.6,20850.0,0.0,22.58,35.0,78.37,5323993.0,No,Yes,5323993.0,72060000000.0,5323993.0,78.7,0.14,5323993.0,5323993.0,0.27,With mosquitoes but no reported Zika cases
Greece,118.37,0.12,0.09,0.28,5.01,391.73,1.14,11.2,2.37,63.02,4.49,0.21,2.08,1.95,2.6,3.05,0.54,0.19,0.38,7.48,3.67,391.73,5.01,5.75,3.87,2.25,30.95,13.43,0.0,0.0,0.74,1.06,1.84,6.19,7.43,391.73,0.14,5.42,0.29,6.68,1.61,0.17,5.85,35.72,3.63,0.25,1.46,0.86,4769000.0,52050.0,304100.0,1.39,14.5,4927000.0,3.61,8000.0,47.7,3.0,269002.0,52270.0,22.4,69370000.0,24.9,0.0,29.0,4984000.0,10700000.0,45.3,0.0,3229.0,14.0,56890.0,1.1,506600.0,484300.0,7.72,319.0,82.636,10316637.0,Yes,No,10316637.0,188680000000.0,10316637.0,90.77,0.06,10316637.0,10316637.0,0.249,No mosquitoes that spread Zika
Sri Lanka,71.9,1.74,25.43,0.78,1.63,572.57,2.9,3.43,4.53,101.31,47.34,2.47,3.24,1.16,1.82,3.85,1.04,0.0,0.18,4.08,1.83,572.57,4.61,4.05,4.96,2.13,6.56,36.99,0.0,0.18,0.01,5.72,10.87,6.41,0.8,572.57,0.39,1.9,0.2,18.07,0.22,1.14,4.94,26.55,12.89,3.45,0.8,2.36,8937000.0,13660.0,116000.0,2.0,23.1,0.0,8.36,0.0,13.4,36.0,256006.0,20980.0,10.6,25190000.0,5.2,0.0,6.0,0.0,21919000.0,33.7,4.4,0.0,42.0,12670.0,6.5,47650.0,33540.0,14.01,414.0,77.392,21575842.0,No,Yes,21575842.0,80680000000.0,21575842.0,86.62,0.11,21575842.0,21575842.0,0.052000000000000005,With mosquitoes but no reported Zika cases
Cyprus,81.76,0.7,1.04,0.33,3.21,321.04,1.03,8.3,1.43,52.89,14.74,2.39,2.0,0.92,5.95,2.57,0.24,0.08,0.03,5.17,2.68,321.04,4.25,3.28,2.8,0.79,16.6,15.39,0.0,0.08,0.55,0.54,1.07,6.43,5.46,321.04,0.27,5.22,1.62,4.9,1.96,1.84,3.29,20.33,3.18,0.27,1.4,1.08,426600.0,4618.0,49000.0,1.48,15.7,0.0,8.61,0.0,38.1,6.0,30918.0,7935.0,13.0,7720000.0,21.8,0.0,15.0,0.0,1282000.0,37.9,0.0,0.0,0.0,4355.0,0.7,95280.0,0.0,10.76,24.0,81.358,1223387.0,Yes,No,1223387.0,24670000000.0,1223387.0,93.39,0.09,1223387.0,1223387.0,0.218,No mosquitoes that spread Zika
Sudan,77.24,0.0,12.79,7.45,1.94,848.6,3.32,4.61,6.55,231.3,15.23,13.22,3.02,3.34,3.6,4.91,3.17,0.06,6.94,40.23,2.98,848.6,6.37,4.1,19.11,14.18,2.4,23.39,15.39,2.39,0.2,5.26,2.23,6.73,1.2,848.6,1.59,3.37,2.53,36.38,1.67,0.6,2.16,108.71,4.76,14.62,0.35,6.81,11920000.0,13990.0,112000.0,4.66,42.0,0.0,43.15,0.0,7.7,295.0,166883.0,8220.0,3.0,16030000.0,6.6,0.0,6.0,0.0,41200000.0,18.3,44.5,19540.0,51.0,12120.0,32.4,51100.0,9440.0,33.63,867.0,65.862,45992020.0,No,Yes,45992020.0,47260000000.0,45992020.0,78.87,0.19,45992020.0,45992020.0,0.086,With mosquitoes but no reported Zika cases
Morocco,97.73,0.0,10.42,4.05,3.25,750.22,7.08,7.39,4.67,242.07,22.25,3.52,1.17,0.94,3.35,7.7,2.59,0.02,0.79,34.58,3.13,750.22,3.03,1.24,14.62,6.59,18.44,20.04,0.0,0.64,0.3,1.29,2.27,6.43,2.09,750.22,0.74,6.31,2.13,17.29,1.5,0.49,4.83,101.53,7.29,8.35,0.44,1.75,12000000.0,28750.0,278000.0,2.29,27.0,1218000.0,19.0,87780.0,24.0,70.0,280811.0,39640.0,7.1,55400000.0,26.1,0.0,15.0,1133000.0,35373000.0,29.1,14.6,0.0,16.0,28250.0,0.8,42980.0,61160.0,17.58,525.0,77.21,37772756.0,No,Yes,37772756.0,114720000000.0,37772756.0,67.03,0.09,37772756.0,37772756.0,0.261,No mosquitoes that spread Zika
Iran,88.46,0.0,5.07,2.23,2.18,528.01,0.69,6.65,4.74,142.51,20.84,2.38,1.16,2.62,2.83,3.88,2.3,0.0,2.75,25.73,2.29,528.01,5.5,5.46,9.41,4.04,9.96,17.75,0.0,0.23,0.5,3.58,0.95,5.05,3.56,528.01,0.98,5.82,1.41,22.15,0.77,0.37,14.67,57.21,5.13,1.25,0.49,3.01,30500000.0,272300.0,1804000.0,1.93,24.1,206900000.0,15.1,214500000.0,16.0,16.0,1640000.0,76390.0,5.9,638300000.0,25.8,1.0,0.0,3993000.0,84038000.0,31.7,3.8,750200.0,15.0,236300.0,9.6,7116.0,0.0,15.78,1128.0,77.134,86022837.0,No,Yes,86022837.0,938050000000.0,86022837.0,80.01,0.09,86022837.0,86022837.0,0.258,No mosquitoes that spread Zika
Lebanon,140.46,0.0,4.75,0.8,11.1,591.32,2.04,13.1,4.05,211.21,15.05,1.26,0.9,4.25,2.24,2.27,1.48,0.06,0.74,22.75,2.39,591.32,5.06,3.41,10.4,2.25,23.21,14.23,0.0,0.17,0.24,0.8,2.47,2.52,4.21,591.32,0.57,7.03,0.73,16.56,4.6,0.3,7.38,28.55,2.76,1.02,1.56,4.1,2166000.0,17590.0,154000.0,1.71,20.8,0.0,7.2,0.0,19.2,29.0,88250.0,18340.0,8.0,23360000.0,32.0,0.0,1.0,0.0,5470000.0,33.7,1.0,0.0,11.0,15710.0,4.5,40740.0,0.0,13.35,86.0,79.18,6684849.0,No,Yes,6684849.0,27320000000.0,6684849.0,81.7,0.08,6684849.0,6684849.0,0.337,No mosquitoes that spread Zika
Italy,105.72,0.62,0.26,0.4,3.38,324.46,0.95,11.95,2.59,42.43,9.21,0.64,0.46,0.78,4.79,2.13,0.2,1.36,0.6,10.77,2.98,324.46,4.17,5.97,3.92,1.13,21.68,13.17,0.0,0.31,0.56,1.36,2.31,5.34,7.4,324.46,0.17,3.86,1.07,4.13,2.05,0.59,6.0,25.15,4.33,0.2,1.34,0.6,25940000.0,275300.0,1236000.0,1.47,13.5,75150000.0,3.14,5550000.0,45.5,2.0,2234459.0,432900.0,22.1,351000000.0,19.9,0.0,32.0,69660000.0,59421000.0,46.5,0.0,13790.0,14.0,293500.0,1.3,2444000.0,1341000.0,8.37,1788.0,83.856,60262770.0,Yes,No,60262770.0,1890000000000.0,60262770.0,94.23,0.06,60262770.0,60262770.0,0.19899999999999998,No mosquitoes that spread Zika
Qatar,76.16,0.0,1.41,0.66,4.03,713.41,0.74,10.56,3.81,227.64,112.65,0.98,1.56,0.8,4.61,6.19,2.19,0.01,0.0,6.19,3.34,713.41,3.39,4.56,27.39,2.36,10.46,16.88,0.0,0.2,0.09,2.64,2.2,5.08,3.34,713.41,0.27,3.47,1.01,8.79,0.55,4.68,5.12,51.69,4.66,0.25,0.55,0.68,1953000.0,39780.0,277000.0,1.9,12.8,39900000.0,6.7,166400000.0,26.6,9.0,344108.0,30770.0,1.2,114200000.0,35.1,0.0,1.0,0.0,2805000.0,33.7,0.0,1150000.0,0.0,37240.0,0.4,159200.0,0.0,9.38,11.0,80.588,2979915.0,No,Yes,2979915.0,144410000000.0,2979915.0,80.78,0.2,2979915.0,2979915.0,0.35100000000000003,No mosquitoes that spread Zika
Tunisia,80.99,0.0,5.34,2.96,5.21,537.97,1.57,7.69,7.36,164.63,14.15,1.57,1.06,1.88,2.35,3.61,1.66,0.01,2.06,22.55,2.39,537.97,3.15,2.83,10.46,6.32,14.42,14.05,0.0,0.19,0.26,0.87,1.83,3.06,2.82,537.97,0.67,3.35,0.99,16.02,1.69,0.33,4.63,68.1,3.18,1.15,0.36,3.47,4054000.0,18440.0,102000.0,2.03,25.3,5125000.0,12.16,1274000.0,23.3,43.0,137700.0,19090.0,8.9,23420000.0,26.9,0.0,5.0,3851000.0,11758000.0,32.7,2.3,39980.0,1.0,15270.0,5.3,27230.0,17580.0,15.21,206.0,77.17,12046656.0,No,Yes,12046656.0,42500000000.0,12046656.0,79.22,0.1,12046656.0,12046656.0,0.26899999999999996,No mosquitoes that spread Zika
Kuwait,88.21,0.0,1.12,0.18,3.76,388.74,1.14,9.88,5.27,94.14,14.78,0.24,0.52,1.35,1.67,2.93,0.8,0.01,0.11,15.74,1.37,388.74,4.74,6.12,6.9,3.94,8.2,6.49,0.0,0.01,0.11,2.17,2.6,2.62,4.6,388.74,0.4,5.91,0.35,18.99,1.24,0.28,3.19,37.49,2.66,0.71,1.99,1.82,2695000.0,65950.0,446000.0,2.25,24.3,21720000.0,7.6,17100000.0,42.7,12.0,262665.0,29530.0,2.9,106500000.0,37.9,0.0,0.0,5125000.0,4487000.0,29.7,1.0,479700.0,0.0,57780.0,1.5,47890.0,0.0,17.9,37.0,75.746,4380326.0,No,Yes,4380326.0,105950000000.0,4380326.0,78.64,0.25,4380326.0,4380326.0,0.379,No mosquitoes that spread Zika
Jamaica,140.67,0.0,2.02,1.82,1.77,580.57,11.49,13.25,4.63,49.69,61.66,1.06,0.34,0.4,5.56,2.34,0.47,0.0,25.41,18.75,4.11,580.57,4.13,3.14,4.8,6.72,14.66,13.2,0.0,1.43,0.11,2.28,1.87,2.77,3.62,580.57,0.08,25.63,0.85,14.23,0.29,4.13,7.0,70.26,2.28,0.24,3.33,47.92,1348000.0,4007.0,55000.0,2.06,25.2,198200.0,11.42,0.0,28.2,80.0,26060.0,5151.0,9.2,8900000.0,24.7,0.0,15.0,198200.0,2736000.0,29.4,6.2,0.0,3.0,2847.0,4.4,16760.0,24360.0,16.03,62.0,74.77,2985094.0,No,Yes,2985094.0,13970000000.0,2985094.0,75.08,0.11,2985094.0,2985094.0,0.247,Current or past transmission but no Zika outbreak
Japan,96.45,0.14,0.36,0.17,1.86,283.23,1.41,13.59,2.49,30.62,1.35,0.53,2.12,0.33,2.36,1.98,0.33,0.5,0.03,1.07,2.08,283.23,2.76,6.62,4.78,0.32,18.06,12.69,0.0,0.41,0.04,3.28,2.19,4.92,8.87,283.23,0.14,2.45,0.4,2.21,0.42,0.47,11.47,23.21,12.24,0.53,1.06,0.19,65010000.0,989300.0,3894000.0,1.38,12.5,127200000.0,1.92,3058000.0,35.8,5.0,4883791.0,644700.0,29.2,1268000000.0,4.3,1.0,20.0,116600000.0,125960000.0,48.6,0.0,0.0,8.0,943700.0,0.5,3240000.0,3208000.0,7.0,3888.0,84.91,125584838.0,Yes,No,125584838.0,5040000000000.0,125584838.0,106.48,0.07,125584838.0,125584838.0,0.043,No mosquitoes that spread Zika
Indonesia,94.68,0.0,13.37,3.95,1.74,840.3,7.89,8.15,4.43,125.99,48.73,32.99,1.78,0.38,1.81,9.27,0.58,0.22,12.25,27.73,4.68,840.3,4.53,8.53,40.2,6.1,12.46,40.63,0.44,11.44,0.1,0.52,6.4,3.94,2.43,840.3,0.3,3.12,0.58,11.88,1.61,1.9,1.28,178.3,2.55,34.32,1.23,4.38,125000000.0,235400.0,1601000.0,2.04,23.9,42320000.0,20.16,72090000.0,13.7,177.0,3281170.0,150100.0,7.8,540700000.0,6.9,0.0,6.0,0.0,269603000.0,31.1,12.6,302300.0,9.0,213400.0,3.8,344700.0,498500.0,15.59,5091.0,72.138,279134505.0,No,Yes,279134505.0,1060000000000.0,279134505.0,78.49,0.11,279134505.0,279134505.0,0.069,Current or past transmission but no Zika outbreak
Fiji,104.79,0.0,38.33,2.7,1.04,1059.11,11.31,7.43,11.65,229.26,243.61,16.4,6.65,0.52,3.84,4.37,3.39,0.02,3.43,27.17,6.47,1059.11,3.99,9.03,10.9,6.04,6.89,24.76,0.0,2.71,0.1,2.55,1.9,9.37,3.05,1059.11,0.26,6.95,8.19,14.33,0.26,3.06,3.19,96.45,9.51,5.68,2.64,2.26,353100.0,914.0,16000.0,2.28,26.9,0.0,10.27,0.0,27.0,34.0,8629.0,1911.0,7.3,2369000.0,30.2,0.0,27.0,0.0,895000.0,29.9,4.3,0.0,38.0,850.0,3.4,833.4,0.0,16.9,21.0,67.782,909466.0,No,Yes,909466.0,4570000000.0,909466.0,83.96,0.18,909466.0,909466.0,0.302,Current or past transmission but no Zika outbreak
Turkey,138.22,0.0,2.72,0.79,5.04,485.15,1.48,11.95,5.98,95.94,20.07,0.87,0.66,1.13,3.05,4.9,0.4,0.02,0.24,16.35,1.86,485.15,5.6,5.13,7.14,3.74,39.65,28.02,0.0,0.66,0.19,1.49,1.48,1.96,7.76,485.15,0.43,6.25,0.51,6.52,1.73,0.36,11.66,49.06,2.34,0.35,1.23,4.73,31300000.0,261900.0,989900.0,1.94,23.4,53600000.0,19.87,368100.0,25.0,17.0,2062045.0,225100.0,8.4,379500000.0,32.1,0.0,14.0,55130000.0,83731000.0,32.2,0.0,0.0,33.0,231100.0,11.1,410400.0,521500.0,14.54,1295.0,78.222,85561976.0,Yes,No,85561976.0,719920000000.0,85561976.0,86.8,0.15,85561976.0,85561976.0,0.321,With mosquitoes but no reported Zika cases
Algeria,83.18,0.0,5.72,4.61,4.05,530.79,3.0,8.74,6.2,154.36,13.25,2.25,1.01,2.46,2.23,3.38,1.54,0.01,0.43,23.82,2.19,530.79,3.03,1.52,9.52,6.68,11.0,13.25,0.0,0.21,0.19,0.87,1.9,3.26,2.72,530.79,0.65,3.05,0.97,21.81,2.0,0.31,5.61,66.29,2.6,6.72,0.21,1.71,11820000.0,66890.0,405000.0,2.55,29.6,41280000.0,20.23,93500000.0,25.4,112.0,630000.0,48540.0,6.2,135900000.0,27.4,0.0,2.0,0.0,44224000.0,28.9,16.4,756400.0,1.0,55960.0,5.6,5934.0,5340.0,19.24,581.0,77.318,45350148.0,No,Yes,45350148.0,147600000000.0,45350148.0,76.0,0.07,45350148.0,45350148.0,0.27399999999999997,No mosquitoes that spread Zika
Bangladesh,86.41,0.0,7.7,5.68,0.84,629.95,3.79,3.57,4.7,94.27,25.49,29.61,4.55,2.34,0.98,2.64,0.89,0.16,0.36,13.27,1.2,629.95,1.29,2.29,16.64,7.38,10.24,41.72,0.03,1.7,0.13,15.32,12.13,5.56,1.15,629.95,0.34,1.52,2.25,16.74,0.68,1.01,5.45,119.2,3.85,25.88,0.33,2.89,66640000.0,60510.0,106000.0,2.1,26.5,29530000.0,31.13,29530000.0,10.5,173.0,655623.0,47560.0,6.8,79970000.0,3.6,0.0,2.0,0.0,169896000.0,27.9,13.1,0.0,2.0,53650.0,5.6,37260.0,21860.0,17.88,2530.0,73.286,167885689.0,No,Yes,167885689.0,323060000000.0,167885689.0,74.33,0.14,167885689.0,167885689.0,0.036000000000000004,Current or past transmission but no Zika outbreak
Egypt,120.67,0.0,10.51,3.36,8.13,814.16,0.91,4.35,7.73,268.11,27.97,3.32,1.09,0.13,2.96,2.57,1.72,0.13,0.41,34.03,3.07,814.16,4.53,34.11,93.37,6.01,8.02,20.69,0.0,1.1,0.22,1.39,1.16,4.29,4.11,814.16,0.2,2.4,1.62,11.77,1.52,0.35,2.54,65.24,3.41,0.54,0.67,4.42,29950000.0,183500.0,878000.0,3.23,33.6,57710000.0,18.25,50860000.0,17.5,37.0,1087520.0,59780.0,4.4,232700000.0,32.0,0.0,2.0,7079000.0,100604000.0,24.1,0.6,246500.0,6.0,159700.0,23.5,50670.0,64760.0,26.44,1650.0,72.38,106156692.0,No,Yes,106156692.0,364020000000.0,106156692.0,76.32,0.21,106156692.0,106156692.0,0.32,With mosquitoes but no reported Zika cases
Iraq,73.44,0.0,5.15,4.96,3.81,743.7,0.74,4.32,6.83,227.26,43.4,3.46,1.56,1.73,1.35,2.77,2.35,0.01,0.0,16.27,5.43,743.7,4.79,3.04,10.94,8.0,11.72,8.53,0.0,0.24,0.13,0.95,2.01,6.33,2.88,743.7,0.27,1.18,1.42,34.41,2.0,0.25,3.94,128.44,4.74,2.26,0.32,17.2,8900000.0,75450.0,826000.0,3.32,37.0,2633000.0,20.08,1274000.0,33.5,79.0,600154.0,39470.0,3.3,117900000.0,30.4,0.0,0.0,1359000.0,40150000.0,21.2,14.6,3092000.0,9.0,38460.0,0.1,68010.0,0.0,25.21,537.0,70.938,42164965.0,No,Yes,42164965.0,169490000000.0,42164965.0,89.28,0.11,42164965.0,42164965.0,0.304,No mosquitoes that spread Zika
Maldives,78.83,0.0,3.6,0.99,2.01,454.41,7.07,7.68,4.18,103.55,17.38,4.2,3.18,0.46,6.8,5.8,0.99,0.02,0.0,6.22,1.71,454.41,2.87,9.2,7.83,2.91,13.06,34.69,0.0,1.0,0.06,0.03,4.34,4.22,1.42,454.41,0.05,4.43,1.04,1.85,0.01,3.03,0.39,52.95,2.76,4.39,0.83,1.95,222200.0,402.0,11000.0,1.71,22.1,0.0,26.4,0.0,29.4,53.0,6901.0,2125.0,4.8,1648000.0,8.6,0.0,4.0,0.0,557400.0,29.5,1.4,0.0,0.0,374.0,2.3,741.6,0.0,15.69,4.0,79.606,540985.0,No,Yes,540985.0,3740000000.0,540985.0,80.54,0.09,540985.0,540985.0,0.086,Current or past transmission but no Zika outbreak
Jordan,103.93,0.0,2.17,1.77,4.28,505.49,1.02,10.85,6.89,98.9,34.57,1.66,0.94,1.64,2.34,2.84,1.91,0.02,0.02,33.16,1.25,505.49,6.03,3.51,9.16,5.49,19.34,9.42,0.0,0.29,0.16,1.09,2.26,3.3,4.2,505.49,0.49,2.96,0.38,19.68,0.64,0.95,6.24,62.96,1.98,0.13,1.39,2.89,2295000.0,18600.0,139000.0,3.0,33.1,5238000.0,14.25,121800.0,21.9,46.0,89000.0,18210.0,3.7,27390000.0,35.5,0.0,12.0,6456000.0,10680000.0,23.5,3.1,0.0,0.0,16820.0,3.3,26660.0,67980.0,22.79,111.0,74.874,10300869.0,No,Yes,10300869.0,43760000000.0,10300869.0,80.7,0.15,10300869.0,10300869.0,0.355,No mosquitoes that spread Zika
Venezuela,94.22,0.46,1.13,3.1,1.35,623.36,7.07,7.41,9.91,99.32,41.42,5.21,1.38,0.81,2.78,3.17,0.52,0.08,26.13,19.28,2.2,623.36,3.6,3.76,8.36,8.87,14.1,19.28,1.44,2.41,0.18,1.34,1.96,6.32,3.94,623.36,0.24,10.71,0.29,39.75,2.02,0.06,7.93,45.07,2.1,2.72,1.12,64.65,14210000.0,109300.0,659000.0,2.24,25.7,24210000.0,22.23,27070000.0,28.7,125.0,269068.0,11000.0,8.2,129900000.0,25.6,0.0,0.0,0.0,32605000.0,30.0,6.9,1656000.0,49.0,71960.0,10875.0,91990.0,0.0,17.55,593.0,72.298,29266991.0,No,Yes,29266991.0,47260000000.0,29266991.0,82.99,0.1,29266991.0,29266991.0,0.256,Current or past transmission but no Zika outbreak
Singapore,90.81,0.0,0.45,0.07,1.4,317.4,0.99,13.72,1.92,60.68,1.28,0.34,0.44,0.26,0.49,2.93,0.09,0.04,0.2,8.44,2.67,317.4,3.16,8.32,2.4,0.65,17.56,4.45,0.0,0.0,0.03,1.56,3.49,1.03,6.08,317.4,0.02,3.68,0.28,1.69,0.71,1.6,4.8,18.41,9.65,0.34,1.64,0.22,3657000.0,48660.0,1322000.0,1.15,12.8,12970000.0,1.56,0.0,15.8,8.0,555648.0,312100.0,10.9,249500000.0,6.1,0.0,2.0,13480000.0,5686000.0,35.6,0.0,14780.0,0.0,47690.0,0.6,467400.0,783300.0,9.13,82.0,83.934,5943546.0,No,Yes,5943546.0,345290000000.0,5943546.0,105.89,0.12,5943546.0,5943546.0,0.061,Current or past transmission but no Zika outbreak
Armenia,126.92,0.12,0.23,1.15,4.25,603.67,2.62,11.44,9.09,201.46,17.0,0.38,0.7,0.97,1.4,1.01,0.46,1.71,1.98,16.78,4.1,603.67,3.78,8.82,15.03,4.47,25.17,18.09,0.0,0.03,0.27,1.24,1.51,7.62,8.75,603.67,0.58,5.2,1.59,17.47,1.36,0.62,11.02,48.21,2.66,1.17,3.06,3.57,1507000.0,6951.0,8000.0,1.65,18.6,2350000.0,12.47,0.0,22.7,26.0,28340.0,3771.0,12.6,5501000.0,20.2,9.0,0.0,2350000.0,2962000.0,36.6,0.0,0.0,32.0,5291.0,0.9,8365.0,0.0,11.45,79.0,75.414,2971966.0,Yes,No,2971966.0,12640000000.0,2971966.0,88.82,0.06,2971966.0,2971966.0,0.20199999999999999,No mosquitoes that spread Zika
Colombia,84.23,0.18,0.36,1.2,1.1,434.82,4.23,8.06,5.86,76.09,9.13,1.43,1.39,0.92,2.59,2.74,0.25,0.12,5.08,11.15,2.46,434.82,4.22,3.82,4.52,3.69,9.72,27.51,0.05,3.49,0.12,1.53,1.48,3.03,3.74,434.82,0.12,6.47,0.07,14.72,1.84,1.97,11.32,29.57,3.74,2.37,0.78,36.61,25760000.0,74920.0,333000.0,2.14,23.3,10080000.0,12.88,10020000.0,27.7,83.0,668233.0,44240.0,8.4,95590000.0,22.3,0.0,2.0,48140.0,50372000.0,31.2,8.6,726700.0,69.0,68250.0,4.3,110900.0,0.0,16.51,817.0,77.7,51512762.0,No,Yes,51512762.0,270420000000.00003,51512762.0,83.13,0.08,51512762.0,51512762.0,0.223,Current or past transmission but no Zika outbreak
