,Belarus,Mongolia,Russia,Guatemala,Slovenia,El Salvador,Ukraine,Poland,Latvia,Estonia,Paraguay,Kazakhstan,Denmark,Kyrgyzstan,Lithuania,Nicaragua,Finland,Haiti,Grenada,Bahamas,Lesotho,Honduras,Moldova,Saint Lucia,Germany,Bolivia,Cuba,United States,Austria,France,Mauritius,Iceland,Belize,Hungary,Brazil,Antigua/Bar.,Croatia,Slovakia,Czech Republic,Luxembourg,Suriname,Mozambique,Belgium,Canada,Central Africa,Turkmenistan,Serbia,Swaziland,Micronesia,Mexico,Norway,Eritrea,Azerbaijan,Somalia,Costa Rica,Netherlands,Uruguay,Sweden,Djibouti,Rwanda,South Africa,Botswana,Zambia,Namibia,Vanuatu,Tajikistan,Solomon Isl.,India,United Kingdom,Ecuador,Cote d Ivoire,Burkina Faso,Bosnia/Herzeg.,Uganda,Equ. Guinea,Burundi,Cameroon,Pakistan,Angola,Congo,Switzerland,DR Congo,Togo,Gabon,Romania,Malawi,New Guinea,Kenya,Chad,Samoa,Ethiopia,Guinea,Benin,Ghana,Trinidad/Tob.,Guinea-Bissau,South Korea,Sierra Leone,Comoros,Saint Vincent,Niger,Sao Tome,Gambia,Madagascar,Dominican Rep.,Nigeria,Laos,Montenegro,Tanzania,Australia,China,Ireland,Georgia,Mali,Cambodia,North Korea,South Sudan,Liberia,Peru,Cape Verde,Senegal,Tonga,Bhutan,Argentina,Chile,Barbados,Viet Nam,New Zealand,Nepal,Panama,Kiribati,Mauritania,Afghanistan,Myanmar,Thailand,Zimbabwe,Timor-Leste,Portugal,Malaysia,Seychelles,Arab Emirates,Bahrain,Albania,Philippines,Yemen,No Macedonia,Brunei,Bulgaria,Israel,Spain,Guyana,Syria,Malta,Uzbekistan,Saudi Arabia,Libya,Oman,Greece,Sri Lanka,Cyprus,Sudan,Morocco,Iran,Lebanon,Italy,Qatar,Tunisia,Kuwait,Jamaica,Japan,Indonesia,Fiji,Turkey,Algeria,Bangladesh,Egypt,Iraq,Maldives,Jordan,Venezuela,Singapore,Armenia,Colombia
Alcohol,119.03,194.38,129.19,82.54,134.52,68.73,127.96,147.81,144.34,130.48,94.72,116.98,125.54,95.98,141.51,84.40,95.00,125.01,155.25,105.99,98.23,92.66,119.48,100.98,114.24,100.88,129.09,102.55,108.33,123.72,82.08,104.73,92.66,162.44,102.82,121.13,147.88,157.25,128.77,108.97,121.12,108.28,114.06,106.57,86.43,95.51,158.43,97.13,159.93,71.07,105.42,86.61,83.96,118.20,83.93,125.42,152.65,97.40,71.03,119.96,133.53,73.38,101.21,89.09,76.57,71.99,84.24,80.12,113.21,90.05,93.36,110.54,136.00,127.28,84.93,131.97,84.30,87.06,87.67,60.45,96.94,99.13,89.06,86.77,141.06,147.04,156.12,144.32,85.64,134.58,83.68,94.84,106.24,100.02,114.95,93.22,94.73,88.45,86.08,131.18,71.43,84.78,59.92,95.38,107.48,77.11,130.87,123.52,108.84,101.09,133.72,114.11,98.94,119.99,112.59,117.83,116.83,100.35,108.67,128.90,103.12,153.89,84.97,117.15,104.03,140.05,114.99,114.50,89.97,76.68,176.62,85.10,89.41,108.06,116.51,167.05,70.03,116.19,100.20,161.16,72.54,81.77,100.05,87.41,65.34,148.96,134.30,120.14,101.37,102.26,97.10,122.72,103.83,64.98,49.34,78.69,66.49,118.37,71.90,81.76,77.24,97.73,88.46,140.46,105.72,76.16,80.99,88.21,140.67,96.45,94.68,104.79,138.22,83.18,86.41,120.67,73.44,78.83,103.93,94.22,90.81,126.92,84.23
All Cancers,15.86,17.63,15.07,16.66,5.80,4.47,13.67,3.73,9.94,5.85,2.56,15.39,29.41,15.22,6.73,3.05,54.65,15.14,6.91,16.83,17.24,21.32,2.92,17.12,15.54,19.86,21.90,33.26,13.33,19.19,2.41,35.59,16.66,17.50,11.93,6.13,7.99,38.15,13.71,18.33,23.53,23.88,22.30,27.87,17.60,14.19,13.58,16.73,19.00,2.70,28.94,20.70,17.36,18.02,11.59,33.78,19.49,30.96,21.76,19.49,16.44,18.91,18.87,18.25,17.62,17.70,12.68,14.60,42.70,14.34,19.27,20.98,17.10,19.36,20.94,18.72,20.71,16.30,20.11,20.22,23.78,19.83,19.75,20.55,5.41,19.90,14.47,18.35,19.49,19.13,21.74,20.04,20.23,17.79,12.27,17.99,11.04,19.29,20.70,1.18,20.18,17.73,19.89,14.65,15.84,19.45,16.42,17.71,18.11,22.63,17.36,32.23,21.64,19.88,19.45,16.26,16.37,17.56,16.23,16.89,20.92,17.97,16.73,4.95,11.64,14.38,23.72,24.84,13.60,5.37,25.26,19.76,22.34,17.12,19.33,18.41,16.52,17.21,16.95,17.22,16.96,24.32,36.92,3.10,19.18,2.15,33.87,0.79,16.75,21.52,3.28,17.14,15.51,8.36,20.52,22.36,22.46,9.74,27.62,16.57,17.52,18.11,18.63,19.14,14.86,22.69,19.92,17.42,15.09,7.87,17.01,15.70,19.07,16.08,13.89,13.14,19.16,18.30,17.53,2.18,0.43,0.87,3.60
Alzheimers & Dementia,0.00,0.00,0.00,0.00,0.01,1.92,0.00,0.01,0.22,0.20,1.43,0.00,0.42,0.00,0.07,0.57,0.03,0.00,4.21,0.00,0.00,0.00,0.01,0.00,0.32,0.00,0.34,0.42,0.33,0.35,2.05,0.42,0.00,0.18,0.98,4.75,0.11,0.05,0.08,0.51,0.00,0.00,0.45,0.32,0.00,0.00,0.79,0.00,0.00,1.71,0.45,0.00,0.00,0.00,0.38,0.46,0.81,0.47,0.00,0.00,0.00,0.00,0.00,0.00,0.00,0.00,0.00,0.00,0.12,0.00,0.00,0.00,0.00,0.00,0.00,0.00,0.00,0.00,0.00,0.00,0.32,0.00,0.00,0.00,0.14,0.00,0.00,0.00,0.00,0.00,0.00,0.00,0.00,0.00,0.00,0.00,0.30,0.00,0.00,3.86,0.00,0.00,0.00,0.00,0.00,0.00,0.00,0.00,0.00,0.23,0.00,0.29,0.00,0.00,0.00,0.00,0.00,0.00,0.00,0.00,0.00,0.00,0.00,1.00,0.55,1.67,0.00,0.14,0.00,1.31,0.00,0.00,0.00,0.00,0.00,0.00,0.00,0.36,0.00,0.00,0.00,0.00,0.00,4.91,0.00,0.11,0.49,0.15,0.89,0.45,14.15,0.00,0.21,0.00,0.00,0.00,0.00,0.12,1.74,0.70,0.00,0.00,0.00,0.00,0.62,0.00,0.00,0.00,0.00,0.14,0.00,0.00,0.00,0.00,0.00,0.00,0.00,0.00,0.00,0.46,0.00,0.12,0.18
Anemia,0.72,6.03,0.72,2.78,0.23,1.72,0.29,0.67,0.88,0.77,2.17,6.41,0.59,1.09,0.54,2.14,0.48,13.03,2.16,2.16,45.32,5.38,0.44,4.32,0.46,2.32,1.59,0.84,0.38,0.62,6.38,0.26,2.51,0.61,1.09,1.93,0.61,0.48,0.78,0.39,2.86,14.89,0.46,0.37,38.64,1.08,2.18,24.19,26.17,1.07,0.64,16.35,4.91,25.62,1.02,0.39,2.01,0.56,10.33,11.90,13.63,17.13,10.81,15.49,29.89,7.97,24.35,18.49,0.86,0.50,14.62,11.80,0.88,11.28,11.91,16.37,14.72,16.73,13.94,13.81,0.42,20.76,16.62,8.68,0.52,9.68,47.57,9.95,20.15,17.01,8.13,21.49,15.55,13.95,2.43,19.10,1.08,17.26,11.32,2.74,20.43,24.13,15.88,17.92,4.26,10.71,19.60,0.32,7.03,0.96,1.29,0.70,2.01,19.95,12.86,4.81,10.14,8.98,0.62,5.86,13.53,10.03,12.98,0.71,0.96,2.63,7.89,1.03,30.93,1.22,75.35,8.59,24.23,24.48,3.93,24.21,16.55,0.49,3.65,5.89,10.30,5.14,3.86,15.56,17.56,1.60,4.75,0.20,0.99,0.72,3.57,9.65,0.73,4.22,5.94,7.09,0.60,0.09,25.43,1.04,12.79,10.42,5.07,4.75,0.26,1.41,5.34,1.12,2.02,0.36,13.37,38.33,2.72,5.72,7.70,10.51,5.15,3.60,2.17,1.13,0.45,0.23,0.36
Asthma,0.40,2.96,0.56,4.47,0.10,1.36,0.84,0.19,0.60,0.54,1.95,1.62,0.44,4.14,0.56,1.90,0.21,9.79,9.30,1.47,13.70,2.01,1.22,1.76,0.40,5.19,0.61,0.42,0.50,0.60,4.26,1.05,1.50,0.29,1.71,0.87,0.47,0.37,0.34,0.12,3.68,10.26,0.53,0.65,14.54,8.81,0.75,6.67,5.44,1.53,0.41,7.37,3.97,16.45,0.93,0.61,0.62,0.38,9.60,6.06,3.36,5.97,10.07,6.21,2.94,5.88,3.30,5.11,0.35,1.20,12.22,10.42,0.76,7.85,11.51,9.01,11.19,11.30,12.47,7.30,0.48,10.95,10.60,6.57,0.26,7.34,7.75,8.50,14.71,1.25,10.53,11.93,11.26,8.81,1.84,14.15,0.39,13.12,9.63,1.14,9.50,5.51,10.44,7.29,5.51,15.51,8.00,1.14,9.12,0.57,1.40,0.23,1.11,12.36,4.79,2.66,15.46,11.43,1.18,1.92,7.93,1.53,4.78,0.67,0.55,2.34,1.86,0.34,6.00,1.55,9.20,9.85,10.16,7.82,1.01,10.09,7.24,0.41,0.92,1.52,0.95,0.36,1.30,5.07,8.05,0.44,0.90,0.87,0.29,0.40,5.24,2.40,0.92,3.43,0.81,1.48,1.05,0.28,0.78,0.33,7.45,4.05,2.23,0.80,0.40,0.66,2.96,0.18,1.82,0.17,3.95,2.70,0.79,4.61,5.68,3.36,4.96,0.99,1.77,3.10,0.07,1.15,1.20
Birth Trauma,1.70,1.04,2.41,0.52,3.74,0.61,2.92,5.63,4.46,3.45,1.00,1.90,3.85,1.39,3.83,0.61,1.97,1.40,2.51,0.62,0.70,1.39,3.05,0.00,2.51,0.47,3.33,2.84,2.53,3.68,1.17,3.04,0.00,4.92,2.18,1.07,4.59,4.61,4.23,3.49,1.06,1.76,3.54,2.89,1.26,1.79,4.93,1.15,2.41,1.06,2.80,2.26,1.95,2.40,1.52,3.42,4.18,2.74,2.44,0.66,2.19,0.52,2.36,1.39,1.17,1.15,1.27,1.34,3.54,1.03,0.82,3.26,3.47,1.70,1.66,2.61,0.54,2.19,1.60,0.72,2.97,0.78,1.53,3.39,4.06,4.76,2.00,1.69,1.51,3.56,2.06,0.71,0.67,1.91,2.18,2.10,1.74,2.29,2.09,1.43,2.24,3.77,0.44,2.14,0.91,0.81,1.36,3.00,2.76,2.11,2.04,2.93,2.84,5.60,1.94,1.61,1.83,0.83,1.35,1.29,2.18,1.61,1.12,2.74,2.24,1.51,0.90,2.70,1.62,0.70,1.55,2.05,1.95,1.46,1.70,2.29,1.63,3.88,1.79,4.22,3.48,4.58,6.60,0.82,1.50,4.82,1.60,3.82,3.59,3.99,1.11,7.53,2.98,0.88,1.17,3.67,2.19,5.01,1.63,3.21,1.94,3.25,2.18,11.10,3.38,4.03,5.21,3.76,1.77,1.86,1.74,1.04,5.04,4.05,0.84,8.13,3.81,2.01,4.28,1.35,1.40,4.25,1.10
Bladder Cancer,676.27,1062.04,727.47,732.92,386.06,606.56,742.34,502.90,640.18,479.58,573.23,710.14,387.36,668.14,606.88,641.98,373.41,1136.06,750.62,697.17,2146.11,807.10,729.41,644.23,370.18,782.95,525.69,480.82,371.55,338.60,672.85,347.92,636.87,602.44,574.01,593.98,496.12,509.62,477.20,346.09,832.23,1471.81,379.83,345.57,1903.52,824.05,644.33,1611.90,1385.24,571.83,338.68,1249.00,918.92,1558.49,384.34,366.87,543.61,346.11,1019.03,906.80,1051.08,1304.98,1232.75,1137.75,1213.19,1006.55,1244.56,809.54,378.96,471.74,1134.79,1155.98,597.26,1000.39,1165.93,1158.79,1177.20,1024.97,1151.16,1154.74,307.00,1182.32,1107.46,1043.77,632.16,1074.02,1123.04,1042.45,1273.46,893.94,880.34,1236.09,1087.21,1038.04,550.19,1363.84,312.13,1206.60,924.14,691.15,1112.23,876.62,1087.78,1092.38,689.27,1061.66,930.29,653.54,950.70,320.04,556.11,366.80,768.36,1108.32,892.65,750.77,1087.76,1056.11,415.63,696.65,903.33,760.60,716.91,571.75,395.56,592.13,699.14,355.77,843.95,432.32,1617.47,848.00,1273.19,892.11,498.60,1387.98,883.14,373.76,673.56,723.60,620.07,702.22,653.63,989.44,977.65,771.37,733.62,665.51,335.69,316.35,1117.37,783.60,357.15,746.87,685.85,588.06,785.61,391.73,572.57,321.04,848.60,750.22,528.01,591.32,324.46,713.41,537.97,388.74,580.57,283.23,840.30,1059.11,485.15,530.79,629.95,814.16,743.70,454.41,505.49,623.36,317.40,603.67,434.82
,1.46,9.43,3.67,8.86,0.89,2.21,2.36,4.07,3.17,2.15,1.20,2.04,1.46,1.55,4.83,1.82,1.15,9.42,3.49,2.69,18.88,10.50,3.89,2.24,0.90,6.21,1.94,0.55,0.62,0.49,1.26,0.47,1.89,3.36,1.76,0.70,1.91,2.71,1.98,0.51,5.41,6.41,0.65,0.54,15.30,2.22,3.25,8.56,9.84,2.20,1.30,7.36,2.58,8.06,1.16,0.31,0.81,1.08,4.75,6.24,4.52,7.00,3.48,6.23,12.20,3.17,6.29,6.24,1.34,2.43,6.93,5.07,1.84,4.66,3.96,7.20,6.68,4.53,5.89,5.10,0.51,5.00,8.30,3.48,1.42,3.68,6.32,4.78,10.11,6.92,3.22,7.93,7.54,2.19,2.91,9.83,0.54,8.40,4.97,4.51,10.80,2.84,6.56,3.79,2.84,7.03,16.83,1.93,1.98,0.52,2.05,0.79,3.40,7.99,20.80,5.64,3.46,5.75,1.79,2.47,6.11,7.75,6.37,0.78,0.80,2.26,0.86,0.68,1.16,0.66,20.71,4.26,10.64,6.05,1.54,8.45,14.34,0.78,5.55,6.58,2.04,5.79,1.16,9.95,7.19,1.69,1.78,1.76,0.25,0.38,7.61,0.75,0.68,2.45,1.68,2.45,2.10,1.60,0.15,0.50,3.90,3.45,1.90,1.81,0.33,1.89,1.90,0.96,2.47,0.61,1.22,5.41,0.88,2.03,1.01,1.89,0.92,1.34,1.46,1.55,0.78,5.31,1.25
Breast Cancer,2.21,6.30,3.64,7.09,1.54,7.19,3.87,2.83,3.93,2.78,8.87,4.25,1.41,6.19,4.63,7.49,0.62,7.46,7.69,4.86,26.25,7.28,3.94,5.46,1.38,10.86,3.72,1.44,1.24,1.35,2.88,1.69,9.27,2.77,4.00,7.67,1.94,3.13,1.87,0.98,8.69,22.65,1.16,0.99,10.28,5.44,4.61,35.54,10.58,3.92,1.30,6.69,2.63,12.19,2.75,0.91,3.78,1.18,5.51,14.01,11.53,10.93,27.33,9.82,5.66,1.80,8.88,3.72,1.04,5.22,12.14,23.56,2.63,25.38,8.38,29.34,12.07,2.74,15.57,7.50,0.66,11.87,10.85,7.70,5.79,34.32,11.16,13.36,9.37,3.92,8.63,25.55,12.49,12.77,5.43,17.51,1.23,7.06,22.21,6.41,4.71,8.13,13.38,21.35,5.63,10.84,4.13,2.38,25.22,0.91,2.63,1.54,3.27,20.72,6.51,2.26,13.92,18.68,5.81,6.92,18.01,9.04,4.97,5.03,3.14,5.46,2.39,0.87,8.63,4.30,39.51,14.94,2.85,7.91,5.14,29.95,3.45,1.61,3.48,8.28,1.46,1.10,1.15,3.62,0.79,2.25,4.43,3.59,1.29,0.99,12.85,1.63,0.67,3.01,0.63,2.86,1.61,1.14,2.90,1.03,3.32,7.08,0.69,2.04,0.95,0.74,1.57,1.14,11.49,1.41,7.89,11.31,1.48,3.00,3.79,0.91,0.74,7.07,1.02,7.07,0.99,2.62,4.23
Cervical Cancer,17.05,4.43,16.55,4.10,14.88,4.87,16.78,18.53,15.41,16.50,9.58,11.61,15.72,6.28,15.34,6.63,10.24,9.45,14.92,11.03,2.77,5.47,17.43,9.43,12.18,4.16,13.88,10.28,10.88,13.10,10.27,12.15,7.47,24.53,9.62,14.16,22.13,24.87,17.00,11.34,13.75,3.14,11.97,12.23,6.15,4.31,19.81,2.87,12.22,5.72,15.79,5.79,8.13,8.09,10.02,15.00,19.66,12.51,5.28,12.27,8.90,2.09,2.98,4.10,4.85,3.56,6.52,7.03,12.09,6.86,5.12,6.07,15.73,7.45,5.46,8.72,5.92,3.71,4.16,4.17,9.81,9.05,6.33,3.54,17.21,2.90,10.80,6.74,5.59,8.66,6.59,1.78,5.06,6.86,10.73,6.32,10.56,5.44,4.81,9.50,5.52,4.11,1.05,5.25,8.53,4.32,10.17,10.61,7.78,12.81,13.02,13.41,6.62,9.63,9.05,10.37,7.03,3.79,7.86,5.57,5.68,6.32,4.09,15.34,11.04,21.22,8.23,16.22,5.77,7.95,10.01,5.29,4.09,6.75,9.60,8.05,7.66,16.03,14.27,23.22,8.54,9.33,4.25,10.50,7.78,16.77,21.30,16.50,11.94,14.27,8.32,11.27,14.22,4.14,7.19,8.87,7.13,11.20,3.43,8.30,4.61,7.39,6.65,13.10,11.95,10.56,7.69,9.88,13.25,13.59,8.15,7.43,11.95,8.74,3.57,4.35,4.32,7.68,10.85,7.41,13.72,11.44,8.06
Colon-Rectum Cancers,2.85,5.74,3.54,5.53,2.29,5.99,4.71,3.40,2.45,1.98,7.21,4.11,2.33,6.37,3.22,6.84,3.26,12.01,4.91,4.13,11.28,5.87,6.58,5.16,2.95,6.91,3.64,3.78,3.92,3.19,6.34,1.96,4.45,2.87,6.33,4.15,3.57,4.13,1.85,1.87,5.78,8.38,2.57,2.99,7.72,8.77,2.56,9.13,8.12,7.31,2.44,6.40,5.13,8.94,6.46,3.22,5.33,2.78,8.20,7.02,6.23,8.12,8.15,6.25,9.24,5.99,5.34,4.70,3.07,6.22,9.91,7.94,3.60,6.31,9.49,6.87,10.13,6.64,9.93,6.57,3.56,7.74,7.21,6.38,2.78,6.35,6.28,6.20,10.03,5.11,6.38,7.74,9.44,7.03,8.00,9.17,1.82,10.44,7.95,9.25,7.56,6.30,6.72,5.69,7.20,11.22,5.84,0.70,7.48,2.62,3.32,3.33,5.27,8.14,5.26,3.79,7.99,7.74,5.17,5.58,6.71,7.39,5.36,4.87,5.38,6.78,6.59,3.49,4.79,7.51,12.24,7.27,6.42,5.25,4.31,8.15,5.37,2.39,4.04,6.66,5.39,4.76,4.40,5.74,8.06,1.99,9.40,3.67,2.84,2.05,7.16,8.06,5.04,5.02,6.23,6.46,6.52,2.37,4.53,1.43,6.55,4.67,4.74,4.05,2.59,3.81,7.36,5.27,4.63,2.49,4.43,11.65,5.98,6.20,4.70,7.73,6.83,4.18,6.89,9.91,1.92,9.09,5.86
Congenital Anomalies,282.35,283.82,204.50,85.26,57.54,82.54,305.47,125.44,146.65,80.39,76.66,181.63,36.00,246.37,174.70,124.46,58.60,185.49,114.40,89.11,155.85,129.20,245.76,60.16,56.09,100.61,97.65,73.49,67.28,30.17,102.82,54.46,73.43,155.07,68.14,77.59,104.12,99.61,118.91,48.90,123.28,114.09,44.62,45.15,161.58,278.65,116.50,137.55,280.36,92.41,40.10,119.40,388.41,129.66,40.74,38.44,59.81,50.98,121.27,77.83,83.76,133.53,85.40,105.72,299.44,389.75,285.85,140.72,43.08,57.99,124.19,131.79,139.28,82.33,101.86,106.91,122.39,193.56,107.86,133.74,41.51,108.48,143.23,107.54,153.78,82.36,152.96,72.70,117.20,189.77,78.39,125.50,113.27,119.93,81.60,139.46,27.78,139.43,105.00,93.74,118.53,133.60,142.59,118.09,144.42,100.91,139.74,151.05,76.15,37.36,97.57,53.73,214.86,106.89,109.52,105.37,67.24,98.87,39.96,122.67,107.21,113.75,117.54,75.11,36.71,55.52,86.67,49.59,102.19,53.54,246.20,97.58,301.71,90.33,46.80,155.90,126.58,39.25,136.21,97.13,144.17,157.79,178.76,192.11,278.48,135.53,90.67,210.78,34.58,34.87,192.95,279.54,74.77,354.54,200.97,158.90,301.95,63.02,101.31,52.89,231.30,242.07,142.51,211.21,42.43,227.64,164.63,94.14,49.69,30.62,125.99,229.26,95.94,154.36,94.27,268.11,227.26,103.55,98.90,99.32,60.68,201.46,76.09
Coronary Heart Disease,2.20,6.16,7.12,63.24,6.04,20.97,3.00,10.67,10.89,5.04,41.85,12.42,9.05,5.81,7.84,44.63,3.51,68.22,65.21,40.27,147.55,17.54,6.88,59.14,6.48,48.27,8.47,10.58,8.48,5.71,104.41,4.22,53.85,11.33,24.64,51.11,16.50,7.45,15.38,4.83,53.75,56.89,4.21,7.22,59.37,16.10,19.21,160.52,172.00,71.86,4.85,51.06,24.99,48.19,14.87,5.62,11.96,6.85,47.76,36.55,74.67,99.86,42.93,61.52,81.66,33.52,91.11,25.49,3.59,26.62,42.17,37.67,35.85,40.31,65.06,36.33,57.00,52.40,42.64,51.04,4.37,36.82,37.36,64.41,5.39,36.03,96.77,30.43,35.71,82.64,33.58,43.29,37.49,44.68,69.66,44.22,6.84,37.99,37.95,45.99,33.65,14.76,37.65,29.31,27.63,33.50,36.38,15.61,31.47,8.50,8.56,4.68,23.97,35.85,32.98,11.82,28.11,31.63,13.28,29.83,37.84,96.55,27.56,11.71,10.96,40.44,33.78,8.34,16.12,23.54,208.69,33.08,40.94,48.14,17.78,57.77,22.46,10.79,14.82,24.13,47.85,131.80,4.25,44.43,15.42,32.55,56.41,8.11,13.96,5.01,82.60,15.00,14.47,25.76,20.15,19.17,58.11,4.49,47.34,14.74,15.23,22.25,20.84,15.05,9.21,112.65,14.15,14.78,61.66,1.35,48.73,243.61,20.07,13.25,25.49,27.97,43.40,17.38,34.57,41.42,1.28,17.00,9.13
Diabetes Mellitus,0.10,1.66,0.22,18.72,0.06,2.88,0.65,0.89,0.26,0.30,2.78,1.25,0.88,1.18,0.69,2.06,0.12,24.56,1.23,1.45,142.10,12.93,0.10,1.89,1.39,7.44,1.04,1.55,0.55,0.86,1.41,0.16,2.79,1.26,2.48,0.81,0.63,0.35,0.99,0.44,5.98,57.95,1.14,0.90,186.48,5.08,0.88,66.59,19.96,2.81,0.92,102.04,2.98,128.81,1.36,1.18,1.91,0.88,49.56,39.89,33.37,30.71,54.75,38.12,46.26,6.04,64.19,64.45,0.86,2.38,51.09,83.63,0.21,46.00,31.31,82.80,55.91,65.76,67.15,43.98,0.71,55.99,61.24,21.09,0.54,60.66,48.64,53.46,116.49,8.39,63.15,78.04,67.45,30.48,1.20,77.43,0.91,91.13,56.27,1.44,93.61,12.46,41.12,61.22,4.57,78.99,27.89,0.06,46.84,0.51,0.72,0.55,0.43,97.70,18.34,1.70,89.87,47.97,3.31,9.54,51.31,4.19,26.23,0.93,1.11,1.38,4.47,0.76,29.68,3.62,82.39,44.13,9.72,17.00,6.97,52.01,27.41,0.66,6.63,5.82,3.13,2.61,0.25,6.44,13.11,0.06,1.31,0.40,1.16,0.61,6.60,10.38,0.08,1.59,2.55,1.78,2.95,0.21,2.47,2.39,13.22,3.52,2.38,1.26,0.64,0.98,1.57,0.24,1.06,0.53,32.99,16.40,0.87,2.25,29.61,3.32,3.46,4.20,1.66,5.21,0.34,0.38,1.43
Diarrhoeal diseases,4.91,4.70,4.19,2.75,0.50,2.09,4.69,1.39,5.64,1.67,2.55,3.71,0.46,3.53,4.54,2.57,1.20,10.84,3.30,6.38,9.67,2.28,4.16,4.88,0.42,3.64,2.02,1.19,0.34,0.91,3.02,0.36,5.99,0.78,2.32,2.41,1.44,2.12,1.09,0.26,4.80,4.35,0.52,0.71,4.30,2.33,0.71,7.56,15.31,1.42,0.90,3.38,3.36,6.47,1.86,0.48,1.79,0.83,3.12,2.14,4.06,3.71,3.21,4.09,12.56,5.88,13.24,3.76,0.40,2.71,3.93,3.55,1.19,2.33,2.70,4.01,3.78,2.12,3.59,1.92,0.47,3.10,2.78,1.96,2.55,2.23,2.58,2.27,4.67,7.42,2.44,3.61,3.85,2.38,2.32,4.02,0.71,3.97,3.62,6.85,4.32,1.67,2.58,2.63,2.29,2.17,7.51,1.50,2.22,0.66,3.66,1.05,2.34,3.75,7.01,4.46,3.07,2.30,1.78,5.15,2.51,4.44,2.83,0.85,1.39,0.54,5.36,1.17,5.38,2.44,7.43,2.10,2.78,4.24,5.49,6.69,5.79,0.60,2.63,11.64,1.83,1.33,0.87,3.74,3.37,0.73,2.21,1.55,0.43,0.69,18.48,1.21,0.35,3.39,2.28,1.11,4.91,2.08,3.24,2.00,3.02,1.17,1.16,0.90,0.46,1.56,1.06,0.52,0.34,2.12,1.78,6.65,0.66,1.01,4.55,1.09,1.56,3.18,0.94,1.38,0.44,0.70,1.39
Drownings,3.17,1.15,5.40,1.89,1.11,1.15,2.20,0.69,1.72,5.73,0.57,3.70,3.09,2.46,4.14,0.86,4.52,1.33,1.06,0.62,1.67,1.88,1.13,0.92,2.00,2.34,0.46,21.28,1.81,1.71,1.16,4.41,0.43,0.43,1.08,1.21,1.38,0.68,1.06,1.05,1.30,0.92,1.97,8.70,1.33,0.84,0.66,2.93,0.73,1.18,4.45,1.45,0.49,0.62,1.10,1.03,0.76,4.10,1.34,0.56,1.52,1.40,1.19,1.74,0.24,0.36,0.18,0.94,4.16,1.30,4.28,1.42,0.64,1.09,4.22,0.77,5.35,0.54,1.09,1.92,1.84,1.25,3.02,2.27,1.21,0.57,0.20,0.39,2.27,0.42,0.71,2.17,2.36,3.31,1.16,1.45,0.20,3.17,1.09,1.04,1.13,1.30,2.38,0.39,1.53,5.81,0.53,1.78,1.48,6.56,1.34,3.38,1.66,1.30,0.45,1.24,0.59,1.66,1.92,3.13,1.58,0.51,0.97,1.45,0.65,0.35,1.31,1.38,0.42,0.75,0.42,2.66,1.36,0.84,1.11,2.31,0.33,0.64,1.09,0.78,4.99,1.00,0.70,0.73,2.68,0.39,0.73,0.87,0.69,1.10,2.12,1.89,1.36,0.91,2.02,6.17,0.54,1.95,1.16,0.92,3.34,0.94,2.62,4.25,0.78,0.80,1.88,1.35,0.40,0.33,0.38,0.52,1.13,2.46,2.34,0.13,1.73,0.46,1.64,0.81,0.26,0.97,0.92
Drug Use,1.05,2.38,1.08,3.67,2.27,3.34,0.71,1.38,1.76,2.51,9.48,1.63,4.43,0.88,1.52,3.03,2.38,9.87,21.28,16.00,14.08,4.73,0.85,9.99,5.15,3.50,2.70,8.22,5.85,4.79,6.10,2.31,7.01,3.35,7.18,22.36,1.14,1.93,3.53,4.44,6.72,4.60,4.82,4.41,14.01,2.31,2.12,10.08,6.81,9.09,3.19,3.00,3.23,3.58,3.05,3.26,7.33,3.09,3.36,2.79,11.70,6.51,3.28,4.68,4.71,2.11,3.63,1.29,2.84,2.98,6.78,25.05,1.01,2.94,7.32,3.29,9.27,6.05,4.41,6.36,3.24,10.69,11.83,6.74,0.60,2.36,2.76,2.69,6.14,4.28,2.30,8.99,10.91,6.88,7.70,11.86,2.11,9.40,3.32,11.66,6.27,6.27,11.17,2.54,5.59,7.01,3.39,0.77,4.70,4.82,1.51,3.24,1.93,7.14,3.26,1.60,2.34,5.61,1.41,1.90,6.44,3.56,1.66,6.33,4.64,16.58,2.08,3.95,1.14,5.93,8.99,4.39,4.30,2.91,2.02,6.77,2.60,5.21,2.86,5.70,4.35,14.64,2.13,15.28,2.84,0.47,25.19,1.33,7.51,3.95,24.94,2.96,2.64,1.02,5.93,3.04,1.47,2.60,1.82,5.95,3.60,3.35,2.83,2.24,4.79,4.61,2.35,1.67,5.56,2.36,1.81,3.84,3.05,2.23,0.98,2.96,1.35,6.80,2.34,2.78,0.49,1.40,2.59
Endocrine Disorders,6.97,8.37,5.79,10.84,11.07,3.52,4.72,5.99,4.77,4.63,1.62,3.84,3.55,2.54,7.78,5.61,8.17,7.18,3.45,4.97,8.24,4.25,2.72,4.11,5.64,9.92,11.48,5.68,4.37,3.99,3.56,3.23,4.43,7.81,7.64,0.00,8.06,13.03,3.65,4.59,6.60,11.50,5.68,5.07,9.19,1.94,2.17,5.92,9.05,2.13,5.70,8.77,3.12,7.93,1.90,8.22,0.90,3.92,7.79,7.68,2.99,4.45,9.14,4.37,7.87,4.57,15.42,21.87,4.31,6.58,10.12,10.27,4.57,7.78,8.23,8.15,10.66,6.29,8.62,7.27,7.39,8.41,9.27,7.99,4.62,8.32,13.87,7.89,9.18,6.17,8.65,8.84,9.00,8.85,2.62,9.15,3.34,8.98,6.78,4.71,12.36,14.27,9.85,5.26,3.93,8.54,9.16,6.61,6.85,4.99,8.04,3.03,7.87,10.85,19.53,6.34,5.13,7.14,3.81,6.61,8.73,3.51,17.91,0.91,2.95,1.34,13.80,5.65,15.55,2.01,4.18,6.66,5.13,13.85,5.66,7.54,7.58,3.52,6.80,5.28,5.33,3.85,2.86,5.41,6.19,2.53,6.36,2.99,0.89,2.48,1.52,3.00,4.53,2.54,18.92,4.06,9.24,3.05,3.85,2.57,4.91,7.70,3.88,2.27,2.13,6.19,3.61,2.93,2.34,1.98,9.27,4.37,4.90,3.38,2.64,2.57,2.77,5.80,2.84,3.17,2.93,1.01,2.74
Falls,4.48,3.00,3.25,1.36,0.17,0.33,2.68,0.85,3.48,2.17,0.98,1.91,0.53,1.15,1.08,0.30,0.69,4.38,1.52,2.66,14.67,0.56,1.36,1.51,0.25,1.62,0.33,0.73,0.25,0.38,0.62,0.09,1.06,0.65,0.46,0.22,0.44,0.51,0.34,0.27,2.29,5.56,0.46,0.41,4.94,2.02,0.44,9.32,2.04,0.48,0.54,5.00,4.77,6.16,0.20,0.18,1.21,0.40,4.26,2.90,6.64,6.18,3.87,5.58,1.74,3.37,2.65,1.84,0.32,1.01,4.18,4.29,1.09,2.83,3.10,4.37,4.38,1.95,3.27,2.74,0.15,3.03,3.92,2.62,1.33,2.94,5.98,3.66,4.83,1.12,3.73,4.33,4.20,3.31,1.09,4.32,0.33,4.26,3.94,2.20,4.88,0.48,3.83,3.01,1.27,3.44,1.68,1.50,2.84,0.15,0.62,0.41,2.77,4.42,1.66,0.90,3.92,3.65,0.72,3.16,3.34,2.69,1.13,0.56,1.26,0.20,0.58,0.29,0.94,0.26,1.76,3.05,1.60,0.47,0.73,7.79,1.29,0.56,1.15,1.74,2.55,2.01,0.48,0.64,4.01,0.43,0.85,0.97,0.24,0.22,2.65,1.16,0.07,1.70,2.54,1.98,1.20,0.54,1.04,0.24,3.17,2.59,2.30,1.48,0.20,2.19,1.66,0.80,0.47,0.33,0.58,3.39,0.40,1.54,0.89,1.72,2.35,0.99,1.91,0.52,0.09,0.46,0.25
Fires,0.01,0.02,0.00,0.02,0.00,0.00,0.02,0.32,1.99,0.23,0.05,0.01,0.10,0.01,0.65,0.02,0.05,0.08,0.00,0.01,0.16,0.05,0.03,0.00,0.33,0.03,0.61,1.13,0.78,0.35,0.56,0.22,0.01,0.36,0.82,0.00,0.72,0.15,0.11,0.39,0.01,0.37,0.22,0.60,0.23,0.04,0.09,0.05,0.04,0.52,0.24,0.32,0.01,0.46,0.02,0.07,0.08,0.27,0.20,0.18,0.02,0.03,0.24,0.04,0.07,0.09,0.08,0.11,0.29,0.01,0.12,0.63,0.00,0.19,0.04,0.34,0.17,0.82,0.09,0.09,0.10,0.14,0.18,0.08,0.27,0.19,0.12,0.62,0.34,0.02,0.21,0.31,0.22,0.15,0.01,0.25,0.17,0.28,0.21,0.00,0.39,0.08,0.10,0.10,0.17,0.27,0.07,0.00,0.16,0.51,0.01,0.32,0.01,0.34,0.36,0.03,0.18,0.14,0.01,0.06,0.13,0.26,0.14,0.22,0.11,0.00,0.08,0.44,0.12,0.02,0.18,0.11,0.16,0.04,0.01,0.17,0.06,0.49,0.02,0.04,0.02,0.00,0.00,0.00,0.06,0.00,1.69,0.09,0.38,0.63,0.04,0.01,0.18,0.00,0.03,0.01,0.00,0.19,0.00,0.08,0.06,0.02,0.00,0.06,1.36,0.01,0.01,0.01,0.00,0.50,0.22,0.02,0.02,0.01,0.16,0.13,0.01,0.02,0.02,0.08,0.04,1.71,0.12
Hepatitis C,1.60,0.61,12.88,9.24,0.00,14.60,11.51,0.27,3.65,2.77,7.00,1.79,0.24,3.29,0.74,2.39,0.08,28.30,2.85,32.20,254.70,10.97,3.90,0.00,0.30,1.72,3.76,1.37,0.32,0.45,9.81,0.09,33.57,0.14,5.44,5.25,0.14,0.03,0.07,0.32,23.57,223.85,0.26,0.33,118.59,52.75,0.27,258.92,0.00,3.23,0.15,10.85,3.61,6.27,3.47,0.14,5.35,0.10,38.68,29.44,121.35,252.76,132.99,147.62,0.00,2.75,0.00,3.35,0.23,3.70,75.46,20.42,0.00,69.15,159.33,21.41,73.92,3.61,49.97,101.72,0.22,19.43,45.39,60.61,1.22,99.96,7.23,48.82,25.00,0.00,13.62,31.46,25.19,51.92,12.31,102.97,0.11,34.17,0.00,16.05,7.11,0.00,70.82,6.13,18.91,26.81,4.45,0.00,64.39,0.15,1.62,0.15,2.16,37.66,10.05,2.53,92.45,50.98,2.59,6.45,10.34,0.00,8.08,3.30,2.54,8.36,4.72,0.18,3.15,15.42,0.00,7.20,1.72,13.93,17.53,187.61,2.66,2.21,8.15,0.00,0.41,0.25,0.91,0.19,1.93,0.02,0.00,0.31,0.28,0.81,34.94,0.09,0.70,2.04,0.50,3.03,0.66,0.38,0.18,0.03,6.94,0.79,2.75,0.74,0.60,0.00,2.06,0.11,25.41,0.03,12.25,3.43,0.24,0.43,0.36,0.41,0.00,0.00,0.02,26.13,0.20,1.98,5.08
HIV/AIDS,2.07,10.49,6.77,5.92,11.84,2.11,1.12,5.31,19.91,66.42,15.87,10.39,3.86,10.63,15.85,23.51,11.23,37.02,19.49,53.15,74.75,13.62,39.16,21.09,8.36,17.15,15.63,10.26,11.74,2.64,34.14,2.87,17.49,29.84,11.69,23.46,8.69,9.84,9.13,3.39,25.66,55.74,1.78,2.79,73.55,13.37,8.11,54.16,41.50,14.30,1.54,52.22,27.98,50.05,12.84,1.62,8.00,5.32,38.28,30.17,33.86,39.78,56.20,37.70,31.50,47.19,23.22,10.68,2.97,14.49,20.48,31.19,8.10,30.73,40.56,34.16,21.74,20.05,41.41,52.27,8.02,50.51,21.50,44.80,22.29,32.87,25.98,28.53,24.66,23.76,29.73,27.96,21.93,17.73,11.22,25.92,3.45,20.30,36.33,24.00,18.25,7.94,22.89,58.73,18.05,16.07,24.41,4.64,31.31,2.60,16.80,1.87,55.36,21.16,25.06,18.24,26.49,18.52,3.06,12.84,17.73,6.71,12.74,8.32,11.94,11.09,18.94,3.04,11.58,10.48,19.80,16.11,65.86,20.51,1.97,20.93,24.12,4.55,2.45,39.54,35.49,7.12,8.48,49.65,52.65,19.07,15.15,32.82,2.36,4.72,45.77,7.33,2.61,13.87,4.28,23.41,21.35,7.48,4.08,5.17,40.23,34.58,25.73,22.75,10.77,6.19,22.55,15.74,18.75,1.07,27.73,27.17,16.35,23.82,13.27,34.03,16.27,6.22,33.16,19.28,8.44,16.78,11.15
Hypertension,10.19,10.76,26.37,1.73,5.17,1.19,18.55,5.12,30.32,8.86,2.60,20.80,2.39,6.27,10.79,2.78,4.58,11.57,3.38,11.79,21.17,5.73,8.61,13.71,4.30,3.45,6.07,5.64,5.90,3.35,6.69,3.42,6.25,9.17,7.37,5.09,5.30,4.10,3.64,3.87,6.86,6.41,3.38,2.94,12.87,13.50,75.38,15.09,7.84,1.51,2.10,5.74,17.04,5.86,3.09,3.02,5.26,2.58,6.22,5.09,12.75,13.33,6.33,12.49,5.91,1.42,4.22,1.12,2.47,1.82,6.94,9.08,13.63,4.44,10.22,4.86,7.89,1.61,9.85,9.18,4.21,9.82,7.26,8.92,11.38,4.28,4.35,4.22,6.76,5.15,3.59,7.28,7.05,11.13,4.26,6.15,1.55,6.88,5.04,8.02,7.46,5.37,6.44,6.62,2.98,5.49,4.66,27.07,4.21,3.42,1.73,3.19,5.61,6.70,4.18,2.40,3.15,4.81,1.46,3.52,5.54,2.78,1.24,9.11,2.75,8.39,4.93,4.07,1.08,5.91,8.96,4.86,3.32,4.16,2.98,15.59,4.22,3.66,4.18,9.39,2.27,5.25,9.64,4.37,3.58,130.29,6.93,4.28,1.79,4.16,12.69,2.72,2.80,1.54,6.16,2.16,4.33,3.67,1.83,2.68,2.98,3.13,2.29,2.39,2.98,3.34,2.39,1.37,4.11,2.08,4.68,6.47,1.86,2.19,1.20,3.07,5.43,1.71,1.25,2.20,2.67,4.10,2.46
Inflammatory/Heart,676.27,1062.04,727.47,732.92,386.06,606.56,742.34,502.90,640.18,479.58,573.23,710.14,387.36,668.14,606.88,641.98,373.41,1136.06,750.62,697.17,2146.11,807.10,729.41,644.23,370.18,782.95,525.69,480.82,371.55,338.60,672.85,347.92,636.87,602.44,574.01,593.98,496.12,509.62,477.20,346.09,832.23,1471.81,379.83,345.57,1903.52,824.05,644.33,1611.90,1385.24,571.83,338.68,1249.00,918.92,1558.49,384.34,366.87,543.61,346.11,1019.03,906.80,1051.08,1304.98,1232.75,1137.75,1213.19,1006.55,1244.56,809.54,378.96,471.74,1134.79,1155.98,597.26,1000.39,1165.93,1158.79,1177.20,1024.97,1151.16,1154.74,307.00,1182.32,1107.46,1043.77,632.16,1074.02,1123.04,1042.45,1273.46,893.94,880.34,1236.09,1087.21,1038.04,550.19,1363.84,312.13,1206.60,924.14,691.15,1112.23,876.62,1087.78,1092.38,689.27,1061.66,930.29,653.54,950.70,320.04,556.11,366.80,768.36,1108.32,892.65,750.77,1087.76,1056.11,415.63,696.65,903.33,760.60,716.91,571.75,395.56,592.13,699.14,355.77,843.95,432.32,1617.47,848.00,1273.19,892.11,498.60,1387.98,883.14,373.76,673.56,723.60,620.07,702.22,653.63,989.44,977.65,771.37,733.62,665.51,335.69,316.35,1117.37,783.60,357.15,746.87,685.85,588.06,785.61,391.73,572.57,321.04,848.60,750.22,528.01,591.32,324.46,713.41,537.97,388.74,580.57,283.23,840.30,1059.11,485.15,530.79,629.95,814.16,743.70,454.41,505.49,623.36,317.40,603.67,434.82
Kidney Disease,3.67,1.01,3.74,4.02,4.44,4.80,3.88,4.63,4.38,3.75,4.42,3.26,4.10,2.47,4.60,3.91,2.76,3.59,3.21,2.45,2.43,5.95,2.60,1.85,4.20,3.43,3.76,4.43,4.01,4.65,2.86,2.88,0.88,4.95,3.72,4.38,4.76,4.79,4.71,4.71,3.60,2.73,4.44,4.06,3.09,2.47,4.67,2.26,5.72,3.88,3.34,6.26,1.42,6.38,4.57,4.14,4.88,3.40,5.83,3.96,3.34,0.76,2.93,1.66,4.06,1.21,3.76,2.79,3.55,5.25,1.03,0.82,3.20,2.67,0.49,1.96,1.52,2.78,2.17,1.70,3.37,3.40,0.75,1.42,3.90,0.62,4.25,4.48,3.27,2.10,6.06,0.20,3.48,1.38,3.86,0.48,2.65,0.73,0.82,4.60,2.32,1.16,0.09,2.03,3.99,2.06,5.00,2.25,1.24,4.40,3.48,3.39,3.01,1.55,4.14,3.44,4.90,0.66,5.62,2.72,1.02,2.95,2.69,4.06,3.63,6.34,4.93,4.49,2.61,4.35,4.44,0.73,1.95,3.05,4.55,2.82,3.50,4.09,4.58,6.05,2.31,4.45,3.28,3.83,3.41,3.83,5.44,3.61,4.99,3.46,2.77,6.15,3.09,1.82,3.26,4.41,3.54,5.01,4.61,4.25,6.37,3.03,5.50,5.06,4.17,3.39,3.15,4.74,4.13,2.76,4.53,3.99,5.60,3.03,1.29,4.53,4.79,2.87,6.03,3.60,3.16,3.78,4.22
Leukemia,2.31,84.53,4.52,16.25,6.04,5.51,2.91,3.10,3.97,3.91,2.68,5.46,3.71,9.07,4.10,10.93,4.01,8.80,5.20,3.07,4.78,5.92,8.77,1.64,4.03,7.02,4.02,4.69,4.78,6.66,3.04,3.82,9.53,4.19,4.81,3.89,5.38,4.70,4.05,4.48,8.43,7.47,3.89,4.21,5.31,6.40,5.39,4.15,10.45,5.75,2.59,3.56,3.86,3.62,6.19,3.18,2.67,3.36,2.67,11.48,5.46,4.32,2.22,3.04,14.32,4.82,15.26,2.67,3.64,5.94,9.12,14.45,7.48,7.69,5.77,7.21,6.88,3.19,3.96,6.39,4.35,9.59,7.53,3.71,8.33,3.24,12.14,5.77,5.97,4.91,3.00,19.78,6.58,17.60,3.58,13.32,12.57,10.33,6.45,6.53,7.86,9.21,30.83,6.77,6.73,6.19,25.37,4.63,5.65,4.61,9.30,3.97,5.98,6.55,25.17,16.66,6.30,17.19,7.43,12.90,13.96,24.58,5.90,3.60,5.09,2.86,24.37,3.48,1.19,4.09,11.85,12.80,4.22,10.79,23.18,7.78,6.09,5.44,6.96,5.44,5.05,3.81,8.97,9.73,4.88,7.85,10.79,4.53,2.97,4.88,4.07,3.43,3.63,4.90,4.82,3.69,4.70,5.75,4.05,3.28,4.10,1.24,5.46,3.41,5.97,4.56,2.83,6.12,3.14,6.62,8.53,9.03,5.13,1.52,2.29,34.11,3.04,9.20,3.51,3.76,8.32,8.82,3.82
Liver Cancer,14.66,75.19,22.50,48.70,10.90,12.89,25.12,14.35,13.03,17.29,9.16,29.46,6.98,34.05,16.33,24.52,11.51,30.97,8.19,16.20,51.33,42.99,50.57,15.59,9.69,40.11,10.30,8.98,8.56,6.54,8.61,1.72,20.20,19.03,9.02,2.98,11.97,17.16,12.83,8.07,24.32,27.80,7.38,5.73,52.83,41.99,6.26,42.70,27.88,24.62,2.41,61.76,37.38,57.15,6.24,3.02,4.17,3.99,42.55,41.22,18.41,30.38,63.86,23.50,27.40,37.85,20.65,22.24,7.90,20.76,37.05,32.34,10.43,33.70,30.93,37.93,36.47,38.05,46.62,36.31,4.37,36.25,37.10,35.26,27.34,43.20,10.10,57.44,45.92,18.98,50.31,42.03,39.37,36.74,7.75,45.28,7.50,33.30,36.50,4.71,40.78,38.72,33.48,36.32,26.51,41.99,24.75,6.05,26.48,3.89,7.57,4.13,32.66,32.85,69.03,14.33,33.72,34.32,19.25,24.37,27.51,21.17,26.66,7.81,10.81,4.94,23.34,2.07,30.02,7.57,36.41,25.88,27.20,33.29,17.93,28.41,21.16,6.03,17.91,28.12,10.88,19.84,8.30,8.65,21.23,6.93,1.90,15.44,2.66,4.79,26.93,15.66,2.67,35.87,26.88,13.95,17.70,3.87,4.96,2.80,19.11,14.62,9.41,10.40,3.92,27.39,10.46,6.90,4.80,4.78,40.20,10.90,7.14,9.52,16.64,93.37,10.94,7.83,9.16,8.36,2.40,15.03,4.52
Liver Disease,0.98,3.69,1.62,5.13,1.33,3.59,2.92,2.08,0.57,0.76,5.80,2.69,2.39,7.94,0.49,4.70,0.74,11.35,4.91,3.70,18.96,4.71,2.98,11.00,1.30,6.79,1.31,2.37,0.61,1.29,3.62,1.13,3.22,1.64,3.14,1.55,0.39,2.38,1.16,0.65,6.28,10.84,0.79,1.90,14.93,11.05,2.99,9.76,7.34,4.31,0.57,6.60,6.07,11.34,3.45,1.38,2.08,0.61,14.66,6.97,7.16,10.36,9.64,9.38,6.17,7.15,4.04,11.98,2.42,4.66,14.52,10.86,2.63,7.36,12.02,9.11,11.05,17.20,10.92,9.29,1.58,11.44,9.36,8.92,2.13,8.83,8.64,8.13,12.91,3.59,9.52,11.00,13.84,9.43,6.03,12.80,1.62,12.61,14.65,3.62,11.39,5.99,9.17,7.61,9.31,14.70,8.47,1.01,7.48,1.02,1.76,1.39,3.02,13.19,6.47,4.39,13.19,11.72,3.18,4.59,8.37,4.96,7.39,3.88,2.69,2.29,5.69,1.87,8.46,4.04,10.54,15.92,12.07,8.91,2.91,11.85,5.99,1.51,2.57,4.59,2.87,4.33,4.27,6.40,12.37,4.49,3.38,2.58,0.77,0.92,7.54,5.18,3.66,4.50,2.33,4.09,2.79,2.25,2.13,0.79,14.18,6.59,4.04,2.25,1.13,2.36,6.32,3.94,6.72,0.32,6.10,6.04,3.74,6.68,7.38,6.01,8.00,2.91,5.49,8.87,0.65,4.47,3.69
Low Birth Weight,18.53,20.59,22.20,3.51,27.44,4.43,19.75,34.89,23.52,23.24,13.04,20.51,28.82,13.51,22.61,5.94,17.24,6.80,11.06,7.39,3.87,5.99,18.69,8.35,24.77,8.69,29.41,25.54,22.79,27.51,10.21,21.77,11.67,43.54,13.20,5.96,32.33,25.91,24.04,25.47,18.83,1.73,28.49,27.23,2.48,9.52,40.20,2.86,31.29,6.21,22.09,3.27,13.09,3.67,5.56,29.85,27.49,16.11,2.88,4.46,18.34,3.39,4.41,4.38,8.83,5.80,9.65,7.82,24.68,6.69,2.79,3.02,33.87,3.20,5.20,1.91,2.77,7.37,3.84,2.77,19.52,3.48,2.15,8.18,28.30,1.92,13.71,3.20,1.71,21.56,4.05,2.08,1.08,1.71,11.72,2.00,20.90,2.37,0.21,5.93,0.54,13.51,3.62,1.15,12.65,1.37,21.02,33.82,0.60,18.97,36.63,24.05,17.96,3.81,15.83,37.70,3.26,2.68,9.48,12.10,2.59,28.48,7.68,17.98,12.84,8.22,21.48,21.61,18.16,6.93,19.04,2.77,6.90,16.58,21.30,4.78,11.99,19.20,15.25,17.23,6.32,13.81,21.55,13.46,4.89,31.93,24.77,23.63,17.55,22.84,5.31,18.90,20.43,7.96,4.27,13.37,4.80,30.95,6.56,16.60,2.40,18.44,9.96,23.21,21.68,10.46,14.42,8.20,14.66,18.06,12.46,6.89,39.65,11.00,10.24,8.02,11.72,13.06,19.34,14.10,17.56,25.17,9.72
Lung Cancers,12.05,18.16,13.54,16.50,10.97,20.12,11.01,15.56,7.50,6.59,20.96,42.36,29.30,30.33,6.95,33.61,8.59,33.26,11.06,9.23,83.85,48.99,12.92,21.32,18.00,32.44,24.23,28.49,17.22,8.62,37.21,17.98,18.01,30.26,24.17,15.26,17.68,10.88,16.76,18.82,18.00,27.71,20.24,15.91,56.65,8.70,20.58,48.02,67.93,23.06,21.82,36.46,21.56,44.55,15.14,21.59,25.09,14.83,21.95,33.52,31.41,40.61,25.95,40.96,78.03,29.97,67.86,87.90,19.80,14.62,26.06,18.73,17.20,28.73,31.60,39.25,26.42,77.79,28.34,31.45,12.25,44.15,29.00,23.69,16.92,23.06,122.46,26.82,29.34,47.54,25.66,30.27,25.54,26.48,7.17,29.21,8.14,27.43,25.91,17.70,30.61,50.70,29.40,38.84,13.00,20.77,46.19,7.51,17.10,15.32,54.18,20.91,15.85,31.69,35.56,87.71,20.35,15.39,7.23,15.67,23.01,34.88,87.76,35.48,12.87,10.68,34.16,18.17,149.01,15.81,51.07,16.35,37.01,73.61,17.59,22.07,44.62,11.66,25.89,21.51,25.54,28.41,17.46,51.31,30.33,24.14,27.00,22.97,11.05,12.26,25.43,16.00,10.48,9.92,17.85,15.44,20.58,13.43,36.99,15.39,23.39,20.04,17.75,14.23,13.17,16.88,14.05,6.49,13.20,12.69,40.63,24.76,28.02,13.25,41.72,20.69,8.53,34.69,9.42,19.28,4.45,18.09,27.51
Lung Disease,0.00,0.00,0.00,0.00,0.00,0.00,0.00,0.00,0.00,0.00,0.00,0.00,0.00,0.00,0.00,0.00,0.00,0.34,0.00,0.00,0.00,0.00,0.00,0.00,0.00,0.00,0.00,0.00,0.00,0.00,0.00,0.00,0.00,0.00,0.02,0.00,0.00,0.00,0.00,0.00,0.00,44.55,0.00,0.00,48.35,0.00,0.00,0.02,0.00,0.00,0.00,13.87,0.00,16.08,0.00,0.00,0.00,0.00,7.73,35.78,0.14,0.03,54.16,0.87,0.00,0.00,32.22,0.59,0.00,0.00,39.85,49.69,0.00,30.23,36.88,47.79,34.53,0.27,47.27,49.23,0.00,28.55,52.24,28.76,0.00,45.12,28.53,33.54,49.56,0.00,5.39,45.20,42.51,48.00,0.00,53.39,0.00,61.60,4.60,0.00,43.60,0.19,46.43,22.36,0.04,34.69,0.15,0.00,48.99,0.00,0.00,0.00,0.00,36.98,0.64,0.00,49.70,52.62,0.11,0.00,42.82,0.00,0.00,0.00,0.00,0.00,0.02,0.00,0.00,0.00,0.00,43.02,0.55,0.21,0.02,12.22,0.00,0.00,0.00,0.00,0.00,0.00,0.00,0.10,6.67,0.00,0.00,0.00,0.00,0.00,3.88,0.00,0.00,0.00,0.00,0.00,0.00,0.00,0.00,0.00,15.39,0.00,0.00,0.00,0.00,0.00,0.00,0.00,0.00,0.00,0.44,0.00,0.00,0.00,0.03,0.00,0.00,0.00,0.00,1.44,0.00,0.00,0.05
Malaria,0.17,0.01,0.11,14.81,0.00,2.96,0.12,0.35,0.07,0.00,5.61,0.46,0.10,0.10,0.13,2.89,0.06,6.67,2.72,1.19,17.17,2.73,0.02,3.01,0.15,8.72,0.32,0.90,0.27,1.52,0.24,0.06,3.27,0.14,2.76,1.16,0.01,0.28,1.12,1.15,2.50,18.97,0.71,0.21,24.59,0.14,0.07,9.91,5.33,5.75,0.87,26.52,0.20,42.27,0.57,0.04,1.10,0.37,25.18,12.03,4.41,8.21,17.63,9.45,6.59,0.03,5.16,0.70,0.09,3.21,5.13,14.30,0.04,11.07,6.02,24.88,5.84,3.52,14.24,9.47,0.29,11.91,5.31,6.07,0.37,14.32,3.38,13.10,15.22,2.76,11.17,8.88,8.09,8.62,0.96,8.65,0.09,11.15,14.16,2.23,6.98,5.35,7.13,22.42,3.35,2.36,3.82,0.09,12.23,0.21,0.78,0.02,0.08,35.74,4.35,1.25,17.61,10.21,2.94,1.83,3.50,2.93,0.49,1.38,1.35,0.38,0.11,0.13,4.05,2.51,21.31,13.89,1.44,2.65,0.84,23.88,6.75,0.21,1.01,1.59,0.07,1.04,0.07,6.71,4.37,0.02,0.51,0.02,0.25,0.18,5.24,0.53,0.04,0.04,0.50,0.25,0.09,0.00,0.18,0.08,2.39,0.64,0.23,0.17,0.31,0.20,0.19,0.01,1.43,0.41,11.44,2.71,0.66,0.21,1.70,1.10,0.24,1.00,0.29,2.41,0.00,0.03,3.49
Malnutrition,0.32,0.11,0.44,0.17,0.90,0.11,0.60,0.82,0.68,0.74,0.14,0.27,1.19,0.09,0.62,0.15,0.72,0.33,0.00,0.35,0.38,0.15,0.18,0.21,0.96,0.23,0.32,0.97,1.01,0.65,0.00,0.51,0.14,0.71,0.15,0.22,0.78,0.64,0.63,0.42,0.18,0.24,0.67,1.09,0.17,0.24,1.19,0.23,0.16,0.24,1.29,0.19,0.13,0.11,0.19,0.97,0.29,0.84,0.19,0.10,0.22,0.19,0.17,0.15,0.14,0.13,0.10,0.19,1.58,0.11,0.21,0.24,0.44,0.09,0.18,0.10,0.29,0.27,0.14,0.13,0.96,0.10,0.27,0.12,0.21,0.10,0.08,0.13,0.22,0.12,0.11,0.27,0.23,0.59,0.14,0.23,0.01,0.24,0.14,0.00,0.22,0.16,0.24,0.12,0.13,0.18,0.12,0.88,0.10,0.47,0.09,1.12,0.19,0.22,0.14,0.13,0.07,0.15,0.10,0.21,0.23,0.10,0.16,0.20,0.11,0.16,0.13,0.52,0.17,0.07,0.21,0.21,0.42,0.12,0.09,0.18,0.09,0.30,0.10,0.23,0.37,0.16,0.87,0.04,0.24,0.78,0.00,0.50,0.38,0.35,0.17,0.11,0.37,0.09,0.15,0.33,0.30,0.74,0.01,0.55,0.20,0.30,0.50,0.24,0.56,0.09,0.26,0.11,0.11,0.04,0.10,0.10,0.19,0.19,0.13,0.22,0.13,0.06,0.16,0.18,0.03,0.27,0.12
Multiple Sclerosis,3.20,19.85,3.07,1.31,2.14,1.22,2.77,2.61,3.50,3.85,3.08,7.03,3.89,3.69,4.22,0.90,2.50,2.13,4.53,2.12,5.57,1.38,1.74,1.50,3.39,1.35,4.50,3.04,2.20,3.41,2.01,3.70,0.84,3.13,4.36,0.10,2.27,3.30,3.09,3.03,0.42,7.53,3.84,3.01,2.54,9.55,2.10,3.09,2.99,1.05,2.37,4.30,6.12,7.97,0.96,5.83,4.86,2.39,4.01,3.59,8.50,8.01,5.61,1.65,0.00,11.07,0.31,3.40,6.08,1.12,0.90,1.17,1.83,11.56,2.09,11.03,1.32,5.67,2.73,0.87,2.67,2.18,2.68,2.91,2.23,21.94,4.59,20.37,2.20,0.72,3.35,0.42,6.30,2.61,1.31,2.84,1.84,0.92,8.59,2.84,1.71,0.96,0.48,8.67,2.08,0.75,4.43,1.60,10.06,3.26,12.42,5.30,1.12,1.87,2.73,3.80,8.47,0.64,1.17,11.35,1.50,2.10,7.67,3.56,2.54,1.90,2.23,3.13,2.40,1.19,7.66,1.31,8.78,6.70,3.06,14.22,0.65,2.93,1.54,5.35,1.72,1.52,1.05,0.87,6.92,1.42,0.91,1.46,1.14,2.11,1.07,0.88,1.97,2.69,1.28,0.80,1.43,1.06,5.72,0.54,5.26,1.29,3.58,0.80,1.36,2.64,0.87,2.17,2.28,3.28,0.52,2.55,1.49,0.87,15.32,1.39,0.95,0.03,1.09,1.34,1.56,1.24,1.53
Oesophagus Cancer,6.03,2.94,4.78,1.29,3.62,1.42,6.55,5.03,6.18,4.43,2.34,3.57,3.19,2.62,7.08,1.33,1.72,3.61,5.23,0.83,3.76,1.51,6.32,1.36,3.52,0.89,4.45,2.01,3.52,3.84,3.62,1.55,0.00,7.91,4.15,2.19,4.18,7.93,4.84,1.92,2.80,3.85,3.11,2.18,4.02,4.10,4.38,1.69,4.31,1.13,1.64,3.62,1.59,4.64,1.60,2.16,3.06,1.75,2.34,3.02,3.18,5.52,2.39,7.84,0.61,2.13,2.06,11.45,2.46,1.02,2.29,2.71,2.48,4.38,5.85,5.99,6.50,11.65,4.39,1.35,2.84,2.21,3.49,6.76,7.10,3.05,12.56,7.82,4.33,3.32,2.58,2.29,2.67,2.86,1.69,1.55,1.60,2.18,3.54,4.70,2.55,0.01,0.01,5.16,4.35,2.44,7.55,0.94,6.73,2.22,2.81,2.43,2.63,3.28,6.15,1.62,4.79,2.01,1.55,4.69,2.75,2.75,7.12,1.96,1.15,3.49,7.03,1.93,6.52,1.78,13.84,2.03,8.18,8.77,4.94,3.24,5.51,4.60,6.32,12.25,1.04,1.53,1.92,3.74,3.26,2.27,6.55,3.32,1.29,2.74,2.74,2.45,2.86,2.63,1.85,1.71,2.40,1.84,10.87,1.07,2.23,2.27,0.95,2.47,2.31,2.20,1.83,2.60,1.87,2.19,6.40,1.90,1.48,1.90,12.13,1.16,2.01,4.34,2.26,1.96,3.49,1.51,1.48
Oral Cancer,8.33,14.07,12.19,15.26,4.82,1.47,7.69,4.61,11.98,6.52,13.54,7.79,2.56,4.64,9.55,6.63,4.29,14.98,16.62,16.64,28.67,11.53,14.89,6.74,4.05,11.76,8.43,5.11,7.96,8.36,4.15,7.88,10.64,4.45,6.04,19.50,4.76,7.20,11.02,7.14,13.07,21.87,6.43,3.35,21.36,5.68,3.18,20.72,13.69,9.65,4.72,21.49,4.59,31.38,8.81,3.51,12.74,4.92,27.05,10.27,10.77,11.76,13.38,10.07,12.56,3.36,11.38,12.19,3.64,6.75,15.31,16.52,3.47,10.15,10.43,15.70,15.43,13.00,11.13,9.74,2.56,12.62,14.32,9.28,7.73,10.06,8.96,12.36,18.90,8.08,14.07,15.68,15.04,10.75,4.03,15.81,3.88,15.78,13.47,10.15,17.29,7.20,11.81,11.29,8.26,10.98,7.53,3.56,9.26,3.28,3.50,2.23,7.52,13.72,5.60,5.48,12.63,9.64,8.67,7.51,11.48,6.26,6.45,10.23,5.28,15.13,5.34,3.23,7.36,2.30,10.69,8.96,13.02,5.48,5.93,16.74,5.87,6.75,7.39,4.16,5.26,3.80,2.93,3.79,8.91,6.73,8.96,4.55,6.22,4.18,22.64,3.62,2.07,4.20,11.16,6.89,4.21,6.19,6.41,6.43,6.73,6.43,5.05,2.52,5.34,5.08,3.06,2.62,2.77,4.92,3.94,9.37,1.96,3.26,5.56,4.29,6.33,4.22,3.30,6.32,1.03,7.62,3.03
Other Injuries,0.31,0.17,0.29,0.34,1.16,2.19,0.17,11.05,3.00,3.60,8.44,0.20,2.50,0.14,2.88,3.94,2.26,0.40,4.95,0.87,0.66,0.66,1.18,0.80,3.28,0.41,3.94,2.68,3.33,4.55,4.61,1.53,0.34,2.84,1.94,2.67,2.51,0.96,2.71,4.02,0.52,0.36,5.38,1.99,0.27,0.18,3.43,0.67,0.59,5.14,2.47,0.32,0.22,0.20,4.26,4.24,7.48,3.65,0.41,0.33,0.65,0.75,0.36,0.63,0.48,0.17,0.36,0.28,2.38,0.39,0.46,0.39,0.35,0.31,0.68,0.25,0.56,0.33,0.38,0.39,2.81,0.25,0.41,0.54,0.76,0.27,0.37,0.35,0.34,0.52,0.30,0.37,0.41,0.41,0.57,0.37,1.89,0.36,0.31,1.54,0.31,0.47,0.42,0.22,0.35,0.50,0.29,0.20,0.30,2.28,0.24,2.55,0.22,0.33,0.33,0.14,0.29,0.32,0.16,0.54,0.42,0.42,0.36,5.61,4.88,5.02,0.33,2.42,0.26,5.68,0.48,0.44,0.20,0.29,0.18,0.53,0.26,2.12,1.00,0.41,0.38,0.72,0.39,6.71,0.17,0.58,6.58,0.66,3.08,3.41,5.49,0.20,1.95,0.13,0.21,0.24,0.34,1.91,0.33,2.47,0.16,0.21,0.16,0.23,4.93,0.38,0.19,0.20,0.57,3.05,0.33,0.54,0.73,0.16,0.21,0.17,0.14,0.75,0.17,7.94,2.32,1.10,5.92
Other Neoplasms,2.82,1.81,3.53,1.15,2.76,1.50,3.68,4.17,5.25,3.03,1.49,3.36,2.99,3.01,3.98,1.22,2.69,1.70,3.28,2.54,1.79,1.36,2.16,1.45,2.71,1.11,1.75,2.51,2.64,2.71,2.63,2.63,0.28,3.48,1.83,2.98,3.49,3.59,2.96,3.19,2.48,0.86,2.60,2.66,2.73,1.90,3.62,1.52,3.03,2.18,3.10,3.95,2.35,4.22,1.35,2.92,3.00,2.62,3.22,1.50,2.22,1.45,1.10,1.79,1.76,1.05,4.53,1.88,2.96,2.02,2.08,1.78,3.05,3.12,2.10,2.19,2.10,2.44,1.61,1.78,2.43,1.62,2.06,2.12,3.14,1.83,3.04,3.53,3.08,8.44,4.12,1.47,1.27,4.18,4.42,2.10,1.51,1.92,0.64,3.52,4.06,2.77,0.22,0.94,0.90,1.98,2.12,1.85,1.18,2.23,1.41,3.57,2.77,2.17,2.07,1.67,3.51,1.93,2.16,0.84,2.76,2.16,2.45,2.43,2.03,3.00,0.87,2.46,2.56,1.45,1.45,1.82,2.04,2.04,2.04,2.67,2.27,1.75,2.77,4.60,1.51,3.14,0.89,2.38,1.17,2.93,2.80,3.13,2.92,2.10,2.48,2.85,3.85,1.20,1.14,1.66,1.09,2.46,1.07,2.39,3.40,2.21,1.28,3.44,2.29,1.78,1.51,1.77,3.03,1.71,3.56,3.73,2.59,1.66,1.63,2.71,1.67,3.16,2.29,2.01,2.21,2.33,2.09
Ovary Cancer,7.23,4.27,8.15,2.59,8.68,2.49,7.52,7.25,10.04,8.77,4.58,5.97,8.44,4.72,9.39,3.88,9.12,3.81,8.43,2.66,0.90,5.42,7.24,3.34,8.75,3.21,4.44,7.26,9.40,8.22,3.13,7.25,3.57,10.40,4.99,4.46,7.92,8.90,10.31,7.48,4.88,0.61,7.06,6.57,1.95,3.11,8.20,0.90,5.12,3.80,7.20,1.05,3.08,1.69,4.73,7.94,11.08,7.84,0.72,3.86,4.98,1.33,0.68,1.37,0.65,2.02,1.31,2.97,6.20,3.51,2.85,2.01,7.33,2.88,2.46,1.71,3.03,0.79,1.31,1.96,7.68,2.92,1.05,2.05,7.73,0.45,2.21,3.59,2.00,2.68,0.83,0.30,3.03,2.52,6.20,1.52,7.34,1.68,0.00,6.37,1.47,0.01,0.54,0.59,4.61,2.64,1.38,5.91,0.71,6.62,5.72,6.56,3.47,3.82,1.22,4.85,2.21,1.56,4.82,6.72,2.36,4.31,3.57,7.96,5.80,7.44,0.92,6.18,2.18,3.08,2.82,1.67,1.54,1.68,2.30,3.66,1.83,6.50,3.59,7.02,5.24,4.10,4.77,2.81,2.35,8.02,4.50,7.11,8.52,6.38,2.70,3.71,9.46,2.76,2.49,4.87,3.32,7.43,0.80,5.46,1.20,2.09,3.56,4.21,7.40,3.34,2.82,4.60,3.62,8.87,2.43,3.05,7.76,2.72,1.15,4.11,2.88,1.42,4.20,3.94,6.08,8.75,3.74
Pancreas Cancer,676.27,1062.04,727.47,732.92,386.06,606.56,742.34,502.90,640.18,479.58,573.23,710.14,387.36,668.14,606.88,641.98,373.41,1136.06,750.62,697.17,2146.11,807.10,729.41,644.23,370.18,782.95,525.69,480.82,371.55,338.60,672.85,347.92,636.87,602.44,574.01,593.98,496.12,509.62,477.20,346.09,832.23,1471.81,379.83,345.57,1903.52,824.05,644.33,1611.90,1385.24,571.83,338.68,1249.00,918.92,1558.49,384.34,366.87,543.61,346.11,1019.03,906.80,1051.08,1304.98,1232.75,1137.75,1213.19,1006.55,1244.56,809.54,378.96,471.74,1134.79,1155.98,597.26,1000.39,1165.93,1158.79,1177.20,1024.97,1151.16,1154.74,307.00,1182.32,1107.46,1043.77,632.16,1074.02,1123.04,1042.45,1273.46,893.94,880.34,1236.09,1087.21,1038.04,550.19,1363.84,312.13,1206.60,924.14,691.15,1112.23,876.62,1087.78,1092.38,689.27,1061.66,930.29,653.54,950.70,320.04,556.11,366.80,768.36,1108.32,892.65,750.77,1087.76,1056.11,415.63,696.65,903.33,760.60,716.91,571.75,395.56,592.13,699.14,355.77,843.95,432.32,1617.47,848.00,1273.19,892.11,498.60,1387.98,883.14,373.76,673.56,723.60,620.07,702.22,653.63,989.44,977.65,771.37,733.62,665.51,335.69,316.35,1117.37,783.60,357.15,746.87,685.85,588.06,785.61,391.73,572.57,321.04,848.60,750.22,528.01,591.32,324.46,713.41,537.97,388.74,580.57,283.23,840.30,1059.11,485.15,530.79,629.95,814.16,743.70,454.41,505.49,623.36,317.40,603.67,434.82
Peptic Ulcer Disease,2.52,2.94,3.11,1.66,0.10,0.24,1.98,0.46,0.96,0.47,0.20,1.92,0.08,1.11,1.15,0.30,0.26,1.33,0.07,0.16,5.26,0.61,4.53,0.13,0.21,0.60,0.11,0.46,0.15,0.24,0.74,0.64,0.38,0.40,0.14,0.66,0.23,0.42,0.25,0.20,0.30,5.07,0.25,0.25,4.53,0.62,0.14,3.35,0.93,0.42,0.23,4.38,0.89,5.99,0.11,0.07,0.34,0.12,3.06,2.31,1.62,1.90,3.48,1.74,0.79,0.49,2.65,0.27,0.25,0.34,2.73,3.69,0.31,2.33,2.12,3.80,2.80,1.35,2.70,2.00,0.12,2.58,2.42,1.87,1.32,2.51,1.50,3.34,3.25,0.47,4.29,2.68,2.64,2.15,0.10,2.66,0.15,2.88,2.87,0.01,2.97,0.75,2.48,2.54,0.42,2.82,0.56,0.46,2.34,0.12,1.55,0.25,0.54,2.88,0.50,1.29,2.36,1.76,0.38,0.54,2.22,1.13,0.26,0.40,0.31,0.44,0.79,0.18,1.74,0.09,2.45,1.50,1.58,1.44,0.18,3.86,0.36,0.15,0.67,0.51,0.28,0.22,0.27,0.24,1.93,0.41,0.00,0.34,0.04,0.24,0.07,0.66,0.08,0.85,0.74,0.86,0.91,0.14,0.39,0.27,1.59,0.74,0.98,0.57,0.17,0.27,0.67,0.40,0.08,0.14,0.30,0.26,0.43,0.65,0.34,0.20,0.27,0.05,0.49,0.24,0.02,0.58,0.12
Poisonings,5.40,1.11,5.27,7.46,8.33,4.56,5.60,7.43,8.91,8.53,9.73,2.98,9.54,2.05,7.81,8.52,5.93,20.65,34.71,18.93,6.79,6.23,4.98,22.51,6.33,5.29,14.41,5.04,5.99,5.36,6.54,8.47,18.77,5.73,7.78,23.86,7.39,8.90,6.17,5.10,15.67,7.65,5.50,5.17,10.00,1.58,6.77,8.61,10.68,6.21,8.89,3.00,1.82,5.70,6.85,7.26,9.95,8.78,3.31,9.96,12.48,4.55,13.28,8.92,7.41,0.83,3.88,3.14,7.30,8.13,19.15,10.32,6.03,9.44,12.05,12.42,12.45,3.07,13.75,12.53,6.43,13.50,7.74,8.60,5.40,5.03,9.80,9.46,7.59,9.73,2.75,14.43,19.52,10.76,18.19,7.24,2.26,10.73,11.12,23.90,1.99,7.22,2.94,10.94,16.29,9.60,1.24,6.41,11.39,6.60,2.78,6.50,4.01,7.08,1.79,0.69,9.39,16.99,9.13,13.45,11.92,13.38,0.62,7.00,8.16,26.05,1.88,7.11,0.43,8.30,4.67,7.49,2.08,0.98,2.82,12.65,2.06,6.27,3.64,19.61,3.64,2.92,6.05,6.45,0.39,7.52,7.47,5.62,3.65,4.41,18.64,4.31,4.62,1.61,1.17,2.78,2.10,5.42,1.90,5.22,3.37,6.31,5.82,7.03,3.86,3.47,3.35,5.91,25.63,2.45,3.12,6.95,6.25,3.05,1.52,2.40,1.18,4.43,2.96,10.71,3.68,5.20,6.47
Prostate Cancer,1.59,5.55,1.19,0.51,2.49,0.09,1.18,0.71,0.97,0.75,0.73,1.55,0.58,2.57,0.41,0.38,0.11,9.11,1.57,1.06,7.68,0.75,1.15,1.80,1.34,2.78,0.93,0.55,1.34,0.70,0.20,0.19,1.03,1.04,0.93,0.59,1.16,0.68,1.03,1.36,1.15,3.33,0.81,0.73,8.80,1.81,0.43,3.65,15.30,0.71,0.47,3.69,2.05,5.27,0.53,0.50,0.65,0.38,2.16,2.15,2.04,2.43,2.70,2.22,16.53,3.58,13.45,10.94,0.54,0.97,2.53,3.06,0.58,1.93,2.21,3.07,2.67,17.89,3.25,2.80,0.31,4.14,3.01,1.78,1.06,1.88,17.27,1.74,4.00,7.61,2.22,3.89,3.06,1.73,0.70,3.74,0.23,3.14,2.24,2.46,4.21,4.25,2.55,4.00,1.17,2.05,3.57,1.32,1.58,0.71,3.53,0.58,6.28,3.33,2.85,6.87,1.89,2.08,0.59,1.20,2.15,2.58,10.92,0.23,0.39,0.21,1.57,1.33,11.28,0.57,20.21,1.53,5.86,2.00,0.45,5.66,2.65,0.58,0.84,0.80,3.21,1.20,1.08,1.81,4.35,0.39,1.58,0.36,1.10,1.15,1.69,1.52,0.20,4.10,1.01,0.99,0.57,0.29,0.20,1.62,2.53,2.13,1.41,0.73,1.07,1.01,0.99,0.35,0.85,0.40,0.58,8.19,0.51,0.97,2.25,1.62,1.42,1.04,0.38,0.29,0.28,1.59,0.07
Rheumatic Heart Disease,6.48,21.50,11.23,26.54,4.41,21.36,9.34,8.18,7.17,3.70,22.60,12.85,3.00,13.82,7.24,18.75,3.09,19.91,7.76,7.42,36.62,21.07,6.60,27.06,2.98,23.15,7.39,11.10,4.18,4.60,10.85,1.78,23.61,6.33,15.08,0.00,6.58,5.28,5.54,3.62,15.53,48.90,5.10,4.58,46.52,15.37,6.23,41.36,0.18,12.86,1.76,54.13,6.56,38.94,14.00,2.83,13.84,2.57,29.07,43.89,22.70,30.39,32.93,44.05,17.40,19.35,20.40,16.33,2.81,20.60,32.96,43.30,10.79,53.60,33.71,52.10,40.18,15.18,30.07,39.65,1.71,39.80,33.94,28.47,8.54,57.15,14.45,48.00,42.50,15.42,42.41,38.43,33.95,31.33,9.09,40.96,5.76,41.61,37.42,7.11,33.36,42.59,51.34,42.06,67.23,27.25,19.78,6.53,49.33,4.46,15.09,2.92,11.30,29.48,21.90,22.21,50.94,55.89,13.36,31.57,35.06,38.39,17.35,13.91,13.48,7.96,29.81,8.83,20.65,13.99,2.17,31.87,19.81,20.94,30.48,63.47,14.12,5.99,22.76,10.94,11.25,5.64,9.88,13.42,34.92,4.25,7.38,8.59,3.93,3.15,22.39,16.75,3.44,12.38,36.13,22.90,12.63,6.68,18.07,4.90,36.38,17.29,22.15,16.56,4.13,8.79,16.02,18.99,14.23,2.21,11.88,14.33,6.52,21.81,16.74,11.77,34.41,1.85,19.68,39.75,1.69,17.47,14.72
Road Traffic Accidents,1.81,0.81,2.35,1.71,3.86,0.88,2.70,2.72,3.11,2.51,2.19,1.57,3.04,1.41,3.09,1.27,2.23,0.77,0.42,0.23,3.61,1.09,2.10,0.00,2.02,1.76,2.28,2.36,2.71,2.18,0.24,2.01,0.00,2.81,2.06,0.87,3.49,3.59,2.77,1.92,0.19,4.25,2.14,2.27,2.26,1.38,3.84,3.84,1.43,1.53,3.96,1.58,1.44,2.55,2.09,2.94,2.34,2.90,1.78,1.89,2.47,4.55,1.87,9.09,0.00,0.91,0.00,0.47,2.62,1.80,1.46,2.91,2.26,2.54,3.32,3.16,1.92,1.16,4.68,1.82,2.39,2.16,4.71,3.19,2.60,4.59,9.28,3.16,2.38,1.24,1.82,3.00,2.06,1.57,0.24,2.20,0.60,2.64,2.85,0.87,3.18,0.00,0.01,3.69,1.71,2.29,1.43,1.12,3.42,4.76,1.05,3.15,2.09,2.74,1.68,0.55,2.57,2.29,2.31,0.71,2.17,2.61,1.61,1.82,1.83,0.57,0.46,6.63,2.13,1.20,0.66,2.41,1.03,2.27,1.12,4.64,0.63,1.88,0.91,1.10,4.56,0.10,1.38,0.52,0.81,4.00,0.49,2.17,2.83,1.54,0.71,2.74,1.50,0.73,0.27,0.50,0.75,1.61,0.22,1.96,1.67,1.50,0.77,4.60,2.05,0.55,1.69,1.24,0.29,0.42,1.61,0.26,1.73,2.00,0.68,1.52,2.00,0.01,0.64,2.02,0.71,1.36,1.84
Skin Cancers,0.19,0.71,1.23,1.94,0.08,1.72,0.45,0.59,1.48,0.83,2.45,0.17,0.51,0.33,0.78,3.39,0.17,5.76,12.60,7.42,5.11,2.62,0.80,6.62,0.62,0.88,1.31,0.86,0.36,0.67,3.73,0.39,2.00,0.63,2.94,7.99,0.07,1.63,0.83,0.31,10.27,2.46,0.98,0.76,2.31,0.22,0.67,4.42,3.95,2.43,0.85,2.17,0.15,1.92,1.88,0.60,1.49,0.70,1.91,1.71,2.91,2.52,1.69,2.57,4.13,0.22,2.81,1.62,1.20,0.59,2.25,2.01,0.33,1.53,2.27,1.71,2.88,0.08,1.55,2.02,0.51,1.81,2.12,2.01,0.26,1.36,2.76,2.15,2.08,2.65,1.67,2.26,2.32,1.87,2.23,1.99,0.67,2.01,2.01,8.30,2.14,1.66,2.12,1.47,0.47,1.64,2.37,0.08,1.35,0.98,0.30,0.63,0.24,2.07,2.34,0.58,1.70,1.74,0.45,1.46,2.18,2.42,1.19,4.81,2.38,8.82,1.34,1.10,0.09,2.50,5.87,2.17,0.77,2.02,3.15,3.01,1.99,0.61,7.90,1.69,0.38,8.88,0.13,6.88,0.40,0.03,7.61,0.39,2.47,1.03,0.46,0.07,1.73,0.15,3.68,0.44,4.91,0.17,1.14,1.84,0.60,0.49,0.37,0.30,0.59,4.68,0.33,0.28,4.13,0.47,1.90,3.06,0.36,0.31,1.01,0.35,0.25,3.03,0.95,0.06,1.60,0.62,1.97
Skin Disease,10.43,28.56,11.80,14.12,7.15,10.79,10.50,7.91,11.16,10.12,6.25,14.16,3.96,17.60,10.82,10.11,3.37,11.92,6.21,4.71,0.76,10.44,8.84,9.38,4.80,7.85,4.86,2.24,4.16,3.76,5.88,3.12,8.50,6.77,7.50,6.65,8.24,8.29,4.84,4.48,4.64,1.62,3.31,2.86,3.43,10.51,7.17,1.15,16.29,5.77,3.15,2.50,13.20,4.92,10.69,3.58,8.46,2.75,2.21,10.60,3.68,0.74,3.21,2.39,2.91,15.97,2.63,7.07,3.32,12.80,5.04,9.32,8.53,4.55,2.91,5.17,4.30,2.97,3.02,3.94,3.30,6.55,7.49,2.73,9.06,2.55,10.61,10.16,3.26,12.23,2.77,4.56,6.49,6.41,3.79,7.34,9.13,6.96,3.03,7.19,3.59,11.50,1.43,3.26,5.54,2.52,11.97,4.97,5.88,2.80,20.55,4.47,8.03,13.39,3.77,11.99,4.83,5.47,15.13,17.14,7.76,13.05,20.62,6.28,13.41,4.94,15.13,3.82,6.79,9.06,15.71,6.03,10.39,11.58,3.41,9.72,4.34,9.99,5.36,6.42,4.81,3.15,10.67,2.47,7.79,13.66,8.69,7.80,4.83,5.23,4.88,6.43,4.75,8.72,1.90,2.96,8.09,5.85,4.94,3.29,2.16,4.83,14.67,7.38,6.00,5.12,4.63,3.19,7.00,11.47,1.28,3.19,11.66,5.61,5.45,2.54,3.94,0.39,6.24,7.93,4.80,11.02,11.32
Stomach Cancer,88.08,216.30,117.23,42.01,31.51,22.58,89.52,37.09,99.14,31.23,53.27,124.19,23.60,92.52,65.24,47.78,24.54,162.74,73.84,60.37,211.66,91.09,100.83,76.66,18.75,67.18,47.47,22.27,19.61,16.74,56.52,18.39,48.39,50.69,50.40,65.96,52.82,35.90,30.06,18.65,117.53,199.97,21.11,15.12,181.27,125.89,83.30,146.48,181.04,32.08,18.16,139.66,151.52,150.17,24.44,20.66,38.74,19.81,117.12,105.76,80.50,133.30,156.50,117.61,190.53,160.78,207.65,64.97,20.17,32.47,104.67,95.70,116.43,99.89,102.28,120.74,118.87,116.52,112.25,120.40,14.92,112.53,116.50,94.08,104.36,99.81,118.90,92.66,115.36,118.02,83.71,121.12,119.03,124.02,45.79,121.60,25.48,120.14,104.85,73.32,114.20,107.87,108.94,160.51,76.94,88.68,152.50,184.75,91.34,17.13,110.80,19.27,159.62,101.36,141.59,162.14,78.18,79.84,22.60,71.23,87.45,65.01,60.70,36.50,32.19,58.54,155.75,22.24,67.32,40.58,233.28,74.41,149.10,185.28,46.81,93.42,139.36,34.68,81.65,62.39,74.74,52.59,176.14,104.08,127.49,165.58,87.37,116.86,16.79,18.37,149.26,79.31,24.12,103.48,95.93,64.09,94.98,35.72,26.55,20.33,108.71,101.53,57.21,28.55,25.15,51.69,68.10,37.49,70.26,23.21,178.30,96.45,49.06,66.29,119.20,65.24,128.44,52.95,62.96,45.07,18.41,48.21,29.57
Stroke,16.49,18.02,21.60,6.23,13.97,6.11,17.73,9.30,16.06,11.96,6.16,18.05,7.63,8.28,20.16,4.66,13.43,11.17,0.64,3.37,87.48,2.58,12.17,6.85,8.27,6.82,10.19,14.51,10.40,9.65,8.75,11.15,7.65,11.78,6.41,0.32,11.01,9.31,9.48,8.62,25.89,23.20,13.93,10.34,22.96,6.07,7.86,40.46,28.99,5.29,9.91,17.26,3.97,14.66,7.62,9.27,18.83,12.37,11.95,9.45,23.49,20.22,14.43,13.51,20.97,5.32,17.37,12.91,6.88,7.68,15.66,14.38,8.25,10.45,13.51,12.12,15.92,9.77,12.56,11.62,9.83,12.41,14.81,13.11,7.33,10.58,3.57,11.01,13.22,14.60,9.45,12.33,12.71,10.54,8.29,12.38,21.16,11.25,8.46,1.01,10.15,2.20,9.64,9.18,5.12,6.87,5.98,16.23,8.15,11.25,6.67,8.90,7.65,7.96,5.49,8.20,6.69,7.37,2.73,15.23,10.99,4.37,5.07,8.14,8.04,0.31,7.22,10.30,9.77,2.86,30.56,5.47,5.96,2.96,7.95,23.63,4.53,7.22,5.77,7.73,5.24,7.20,3.72,2.54,7.06,7.15,2.54,6.50,5.15,5.28,40.85,2.11,5.32,8.28,5.43,4.50,4.47,3.63,12.89,3.18,4.76,7.29,5.13,2.76,4.33,4.66,3.18,2.66,2.28,12.24,2.55,9.51,2.34,2.60,3.85,3.41,4.74,2.76,1.98,2.10,9.65,2.66,3.74
Suicide,2.52,10.58,4.61,2.31,0.28,0.90,6.92,1.00,2.34,0.62,4.51,1.56,0.17,6.41,2.75,2.20,0.17,9.18,0.79,0.08,68.85,6.16,3.79,1.24,0.15,10.73,0.26,0.09,0.21,0.23,1.09,0.00,2.92,0.38,2.19,0.52,0.65,0.30,0.13,0.13,2.93,14.56,0.18,0.13,148.01,11.87,0.63,29.46,12.92,1.58,0.11,21.74,5.92,109.27,0.53,0.07,1.72,0.09,25.32,6.68,39.83,34.54,49.91,74.32,7.46,12.24,9.42,32.84,0.25,3.49,30.93,15.11,1.60,24.27,32.43,32.77,40.86,23.21,85.98,75.20,0.10,79.20,3.67,113.96,3.59,23.26,46.96,49.91,35.45,1.05,25.31,27.05,10.94,44.25,1.20,117.91,1.93,43.58,14.19,1.40,26.95,30.26,28.42,61.19,2.34,99.13,34.86,0.18,60.37,0.11,1.88,0.28,3.90,12.84,21.06,57.14,53.50,89.99,7.14,4.35,23.25,1.09,18.33,1.29,1.54,0.26,9.33,0.20,72.19,5.19,44.15,24.14,41.14,38.12,9.62,17.71,127.88,0.83,3.87,0.00,2.00,0.50,0.27,26.98,9.58,0.97,7.47,0.95,0.14,0.22,18.83,0.19,0.13,5.01,2.44,13.26,0.45,0.25,3.45,0.27,14.62,8.35,1.25,1.02,0.20,0.25,1.15,0.71,0.24,0.53,34.32,5.68,0.35,6.72,25.88,0.54,2.26,4.39,0.13,2.72,0.34,1.17,2.37
Tuberculosis,2.37,0.32,2.74,0.25,2.09,0.64,3.05,2.66,3.11,1.99,0.80,1.97,1.15,1.32,2.48,0.85,1.57,0.59,9.20,3.53,1.84,0.37,1.80,0.97,1.05,1.57,2.97,1.67,1.27,1.61,1.79,1.10,0.47,1.98,1.16,5.27,2.02,2.76,1.84,1.38,1.02,0.85,1.33,1.54,1.05,1.37,2.16,2.13,3.75,0.75,1.21,0.94,1.08,1.26,1.31,1.44,1.86,1.31,0.65,1.04,1.28,0.75,0.52,1.04,0.87,1.92,2.18,0.61,1.58,0.81,1.51,0.97,1.56,1.67,1.40,1.62,0.67,0.89,0.83,0.82,1.08,1.04,1.47,1.69,1.37,0.28,1.65,1.74,0.96,4.02,0.82,0.72,1.82,1.52,3.60,1.05,0.47,0.91,0.71,6.38,1.03,0.00,0.11,0.81,0.44,0.84,0.68,1.24,1.04,1.11,0.60,1.55,1.77,1.10,0.86,0.43,1.32,1.26,0.92,0.58,1.37,1.87,0.00,1.62,1.02,3.88,1.15,1.71,0.26,1.52,2.91,0.81,1.88,0.52,0.83,3.32,1.16,1.47,1.23,1.58,1.73,0.79,0.94,0.92,0.03,3.32,3.12,2.53,1.61,1.40,1.89,1.37,1.95,0.82,2.17,0.22,0.61,1.46,0.80,1.40,0.35,0.44,0.49,1.56,1.34,0.55,0.36,1.99,3.33,1.06,1.23,2.64,1.23,0.21,0.33,0.67,0.32,0.83,1.39,1.12,1.64,3.06,0.78
Uterin Cancer,2.29,6.07,7.00,27.04,0.72,86.75,5.38,0.66,4.15,1.84,7.96,5.20,1.08,5.02,4.26,9.50,1.06,20.02,6.38,36.36,43.38,80.96,3.50,18.65,0.84,9.68,5.02,6.00,0.49,0.80,2.18,1.08,40.23,1.17,31.58,2.37,0.89,0.91,0.54,0.42,5.85,4.29,1.19,1.60,25.46,3.13,1.05,19.13,4.89,25.30,0.56,13.64,2.45,6.81,12.02,0.58,8.60,1.22,6.49,4.56,37.54,18.25,7.04,20.18,2.69,2.23,4.48,3.84,1.22,7.07,12.47,11.16,1.20,17.69,3.18,7.34,6.68,6.16,11.75,11.99,0.45,16.45,10.19,9.80,1.08,3.12,12.19,7.07,10.51,3.39,8.85,10.25,6.79,6.73,39.15,12.49,0.68,8.04,8.76,28.64,12.61,6.18,11.94,7.62,18.10,11.97,6.67,2.30,10.35,0.98,0.73,0.77,2.15,12.80,2.12,3.97,20.51,13.13,9.14,14.22,9.23,3.99,2.26,6.09,3.86,10.16,1.81,1.20,2.57,17.46,5.15,13.71,9.87,3.92,4.23,14.57,5.39,0.76,2.62,13.66,0.76,0.31,3.30,14.87,10.22,1.27,0.65,1.00,1.27,0.47,25.46,2.84,0.86,1.52,2.14,2.11,0.72,0.86,2.36,1.08,6.81,1.75,3.01,4.10,0.60,0.68,3.47,1.82,47.92,0.19,4.38,2.26,4.73,1.71,2.89,4.42,17.20,1.95,2.89,64.65,0.22,3.57,36.61
